id,stem,a,b,c,d,correct_answer,hidden_middle_entity,is_multihop,helper_triple_used,degree_centralities,page_ranks,distractor_depths,node_embedding_similarity_scores,triple,quintuple,helper_triple,incorrect_rate
1,"Born in the German Empire, which theoretical physicist revolutionized our understanding of space, time, and energy with his theory of relativity?",Albert Einstein,Elon Reeve Musk,Lionel Andrés Messi,Eva Braun,A,,False,False,"[35, 1]","[Decimal('13.96'), Decimal('0.49')]","[4, 4, 2]","[Decimal('-0.01'), Decimal('-0.1'), Decimal('0.4')]","['Albert Einstein', 'Person', 'BORN_IN', '->', 'German Empire', 'Place']",,,0.13157894736842102
2,"Renowned for developing the Theory of Relativity, which influential physicist’s work has been particularly beneficial to the field of Quantum Optics?",Dennis Wilson,Stephen William Hawking,Albert Einstein,Karim Benzema,C,,False,True,"[1, 35, 1]","[Decimal('0.49'), Decimal('13.96'), Decimal('0.49')]","[5, 2, 5]","[Decimal('0.01'), Decimal('0.05'), Decimal('-0.04')]","['Albert Einstein', 'Person', 'BENEFICIAL_TO', '->', 'Quantum Optics', 'Concept']",,"['Albert Einstein', 'Person', 'DEVELOPED', '->', 'Theory Of Relativity', 'Concept']",0.1842105263157895
3,"A renowned physicist, who played a significant role in advising on a project that ultimately impacted a country involved in a major 20th-century global conflict, is most famously known by what name?",Thomas Jefferson,Nicki Minaj,Albert Einstein,Hillary Clinton,C,World War II,True,False,"[35, 17, 23]","[Decimal('13.96'), Decimal('5.4'), Decimal('8.64')]","[4, 4, 4]","[Decimal('0.04'), Decimal('-0.03'), Decimal('0.17')]",,"['Albert Einstein', 'Person', 'CONTEXT_OF', '->', 'World War II', 'Event', 'PARTICIPANT', '->', 'Japan', 'Country']",,0.09090909090909094
4,"What influential physicist, known for proposing the General Theory of Relativity, was an outspoken critic of a political leader who participated in World War I?",Albert Einstein,Chuck Norris,Prince Philip,Richard Nixon,A,Adolf Hitler,True,True,"[26, 24, 35, 2]","[Decimal('9.32'), Decimal('8.85'), Decimal('13.96'), Decimal('0.95')]","[3, 5, 3]","[Decimal('0.09'), Decimal('-0.04'), Decimal('0.11')]",,"['World War I', 'Event', 'PARTICIPATED_IN', '<-', 'Adolf Hitler', 'Person', 'OPPOSED', '<-', 'Albert Einstein', 'Person']","['Albert Einstein', 'Person', 'PROPOSED', '->', 'General Theory of Relativity', 'Concept']",0.12121212121212122
5,Who is the acclaimed actor and director known for receiving a coveted Golden Globe Award for her performances?,Neil Patrick Harris,Rob Greenberg,Angelina Jolie,Donald Trump,C,,False,False,"[33, 8]","[Decimal('13.11'), Decimal('2.85')]","[5, 5, 5]","[Decimal('0.11'), Decimal('0.11'), Decimal('0.05')]","['Angelina Jolie', 'Person', 'RECIPIENT_OF', '->', 'Golden Globe Award', 'Award']",,,0.2432432432432432
6,"Who directed the film ""In the Land of Blood and Honey"" and also acted in the movie ""Changeling""?",Angelina Jolie,Anthony Russo,Rob Greenberg,Gale Anne Hurd,A,,False,True,"[1, 33, 1]","[Decimal('0.48'), Decimal('13.11'), Decimal('0.48')]","[5, 5, 5]","[Decimal('-0.02'), Decimal('0.11'), Decimal('-0.02')]","['Angelina Jolie', 'Person', 'DIRECTED', '->', 'In the Land of Blood and Honey', 'Film']",,"['Angelina Jolie', 'Person', 'ACTED_IN', '->', 'Changeling', 'Film']",0.5
7,"Which individual, known for their remarkable achievements in the entertainment industry, has received recognition through notable awards that have also been associated with music moguls like Jay-Z?",Angelina Jolie,Doja Cat,Elvis Aaron Presley,Cruz Bustamante,A,Tony Award,True,False,"[33, 3, 20]","[Decimal('13.11'), Decimal('1.1'), Decimal('6.95')]","[5, 4, 5]","[Decimal('-0.13'), Decimal('0.04'), Decimal('-0.03')]",,"['Angelina Jolie', 'Person', 'RECIPIENT_OF', '->', 'Tony Award', 'Award', 'NOMINATED', '<-', 'Jay-Z', 'Person']",,0.975
8,Which humanitarian award recipient has also been recognized alongside John Christopher Depp II by the same prestigious film organization?,Bill Black,Angelina Jolie,Sharon Tate,Brad Pitt,B,Academy Award,True,True,"[40, 8, 33, 1]","[Decimal('16.45'), Decimal('2.84'), Decimal('13.11'), Decimal('0.48')]","[5, 5, 1]","[Decimal('0.04'), Decimal('0.06'), Decimal('1')]",,"['John Christopher Depp II', 'Person', 'NOMINATED', '->', 'Academy Award', 'Award', 'RECIPIENT_OF', '<-', 'Angelina Jolie', 'Person']","['Angelina Jolie', 'Person', 'RECIPIENT_OF', '->', 'Jean Hersholt Humanitarian Award', 'Award']",0.5277777777777778
9,"Who is the artist behind the popular album ""Thank U, Next""?",Ariana Grande Butera,Royce Da 5’9,Kanye Omari West,Brian Epstein,A,,False,False,"[44, 3]","[Decimal('16.78'), Decimal('1.14')]","[5, 3, 5]","[Decimal('-0.04'), Decimal('-0.02'), Decimal('-0.16')]","['Ariana Grande Butera', 'Person', 'RELEASED', '->', 'Thank U Next', 'Album']",,,0.19047619047619047
10,"Which singer, known for their use of the whistle register, has the full name that includes Butera?",Jon Voight,Thomas Cruise Mapother IV,Selena Marie Gomez,Ariana Grande Butera,D,,False,True,"[1, 44, 4]","[Decimal('0.47'), Decimal('16.78'), Decimal('1.46')]","[5, 4, 2]","[Decimal('-0.04'), Decimal('0.04'), Decimal('-0.01')]","['Ariana Grande Butera', 'Person', 'HAS_ATTRIBUTE', '->', 'Whistle Register', 'Attribute']",,"['Ariana Grande Butera', 'Person', 'HAS_OCCUPATION', '->', 'Singer', 'Occupation']",0.2142857142857143
21,"Married in a civil ceremony at Windsor Guildhall in 2005, who is the spouse of Camilla Parker Bowles?",Selena Marie Gomez,Mary Lincoln,Eva Braun,Charles III,D,,False,False,"[27, 1]","[Decimal('10.25'), Decimal('0.47')]","[5, 5, 4]","[Decimal('0.11'), Decimal('-0.08'), Decimal('0')]","['Charles III', 'Person', 'MARRIED_TO', '->', 'Camilla Parker Bowles', 'Person']",,,0.42500000000000004
11,"Which artist released an album that includes a hit single sharing the same name, becoming a cultural phenomenon and often associated with moving on from past relationships?",Muhammad Ali,Ariana Grande Butera,Tony Bennett,Brad Pitt,B,Thank U Next,True,False,"[44, 3, 2]","[Decimal('16.78'), Decimal('1.14'), Decimal('0.8')]","[2, 4, 5]","[Decimal('0.08'), Decimal('0.04'), Decimal('-0.04')]",,"['Ariana Grande Butera', 'Person', 'RELEASED', '->', 'Thank U Next', 'Album', 'CONTAINS', '->', 'Thank U Next Single', 'Song']",,0.19999999999999996
12,"Which singer, known for her role in the TV series ""Sam & Cat,"" was part of the cast nominated for the Academy Award for Best Supporting Actress?",Michael Shea,Ariana Grande Butera,Notorious B.I.G.,Tupac Amaru Shakur,B,Wicked,True,True,"[1, 2, 44, 1]","[Decimal('0.54'), Decimal('0.93'), Decimal('16.78'), Decimal('0.47')]","[3, 5, 4]","[Decimal('0.05'), Decimal('0'), Decimal('0.01')]",,"['Academy Award for Best Supporting Actress', 'Award', 'NOMINATED_FOR', '<-', 'Wicked', 'Film', 'APPEARED_IN', '<-', 'Ariana Grande Butera', 'Person']","['Ariana Grande Butera', 'Person', 'APPEARED_IN', '->', 'Sam & Cat', 'Event']",0.21052631578947367
13,"In the action-packed 1985 film ""Commando,"" which actor took on the iconic role of John Matrix?",Cruz Bustamante,Michael Shea,Neil Patrick Harris,Arnold Alois Schwarzenegger,D,,False,False,"[32, 1]","[Decimal('13.38'), Decimal('0.5')]","[1, 3, 3]","[Decimal('0.99'), Decimal('0.06'), Decimal('0.06')]","['Arnold Alois Schwarzenegger', 'Person', 'STARRED_IN', '->', 'Commando', 'Film']",,,0.40476190476190477
14,"Known as ""The Austrian Oak,"" who served as the 38th Governor of California?",William McKinley,Louis XIV,Arnold Alois Schwarzenegger,Gray Davis,C,,False,True,"[1, 32, 1]","[Decimal('0.5'), Decimal('13.38'), Decimal('0.5')]","[5, 5, 1]","[Decimal('0.09'), Decimal('0.02'), Decimal('0.99')]","['Arnold Alois Schwarzenegger', 'Person', 'HAS_NICKNAME', '->', 'Austrian Oak', 'Nickname']",,"['Arnold Alois Schwarzenegger', 'Person', 'HELD_POSITION', '->', '38th Governor of California', 'Political position']",0.45999999999999996
15,"This former professional bodybuilder and actor, who served as the Governor of California, is a prominent member of a US political party closely associated with the United States of America. Who is he?",Dr. Dre,Onika Tanya Maraj-Petty,Andrew,Arnold Alois Schwarzenegger,D,Republican Party,True,False,"[32, 3, 21]","[Decimal('13.38'), Decimal('1.11'), Decimal('7.6')]","[3, 5, 5]","[Decimal('-0.14'), Decimal('0.04'), Decimal('0.05')]",,"['Arnold Alois Schwarzenegger', 'Person', 'MEMBER_OF', '->', 'Republican Party', 'Political party', 'HAS_POLITICAL_PARTY', '<-', 'United States of America', 'Country']",,0.26190476190476186
16,"Which bodybuilder, also known for winning the Mr. Universe title, shares a prestigious bodybuilding title with Lee Haney?",Dwayne Douglas Johnson,Grover Cleveland,Bruce Lee,Arnold Alois Schwarzenegger,D,Mr Olympia,True,True,"[1, 3, 32, 1]","[Decimal('0.56'), Decimal('1.44'), Decimal('13.38'), Decimal('0.5')]","[5, 5, 5]","[Decimal('0.06'), Decimal('0.09'), Decimal('-0.02')]",,"['Lee Haney', 'Person', 'WON_TITLE', '->', 'Mr Olympia', 'Title', 'WON_TITLE', '<-', 'Arnold Alois Schwarzenegger', 'Person']","['Arnold Alois Schwarzenegger', 'Person', 'WON_TITLE', '->', 'Mr Universe', 'Title']",0.3829787234042553
17,Which former U.S. President expressed support for Ukraine during their time in office?,Carter Bays,John Fitzgerald Kennedy,James A. Garfield,Barack Hussein Obama II,D,,False,False,"[37, 3]","[Decimal('13.85'), Decimal('1.07')]","[5, 3, 3]","[Decimal('-0.01'), Decimal('-0.07'), Decimal('0.11')]","['Barack Hussein Obama II', 'Person', 'SUPPORTED', '->', 'Ukraine', 'Country']",,,0.20512820512820518
18,Which U.S. political figure extended the Bush Tax Cuts and also supported Ukraine during their presidency?,Andrew,Donald Trump,William,Barack Hussein Obama II,D,,False,True,"[1, 37, 3]","[Decimal('0.47'), Decimal('13.85'), Decimal('1.07')]","[3, 3, 4]","[Decimal('0.07'), Decimal('0.01'), Decimal('0.01')]","['Barack Hussein Obama II', 'Person', 'EXTENDED', '->', 'Bush Tax Cuts', 'Legislation']",,"['Barack Hussein Obama II', 'Person', 'SUPPORTED', '->', 'Ukraine', 'Country']",0.48484848484848486
19,Which U.S. President was in office during the military operation targeting the Taliban?,Charles De Gaulle,Nicki Minaj,Barack Hussein Obama II,Lionel Andrés Messi,C,United States,True,False,"[37, 22, 2]","[Decimal('13.85'), Decimal('6.8'), Decimal('0.7')]","[5, 5, 5]","[Decimal('-0.03'), Decimal('-0.02'), Decimal('-0.07')]",,"['Barack Hussein Obama II', 'Person', 'PRESIDENT', '->', 'United States', 'Country', 'INVADED', '->', 'The Taliban', 'Organization']",,0.02777777777777779
20,"Which former president, who ordered the military intervention in Libya in 2011, oversaw the withdrawal of troops from Afghanistan?",John McCain,Pamela Fryman,Queen,Barack Hussein Obama II,D,United States,True,True,"[3, 22, 37, 2]","[Decimal('1.02'), Decimal('6.8'), Decimal('13.85'), Decimal('0.92')]","[1, 5, 4]","[Decimal('0.99'), Decimal('-0.01'), Decimal('-0.01')]",,"['Afghanistan', 'Country', 'WITHDREW_FROM', '<-', 'United States', 'Country', 'PRESIDENT', '<-', 'Barack Hussein Obama II', 'Person']","['Barack Hussein Obama II', 'Person', 'ORDERED', '->', 'Libya 2011 Military Intervention', 'Event']",0.17647058823529416
22,What author of 17 books succeeded Elizabeth II as a reigning monarch?,Kimberly Noel Kardashian,Charles III,James A. Garfield,Barack Obama,B,,False,True,"[49, 27, 1]","[Decimal('17.73'), Decimal('10.25'), Decimal('0.47')]","[5, 5, 4]","[Decimal('0.05'), Decimal('0.02'), Decimal('0.03')]","['Charles III', 'Person', 'SUCCEEDED_BY', '<-', 'Elizabeth II', 'Person']",,"['Charles III', 'Person', 'AUTHOR_OF', '->', '17 Books', 'Concept']",0.42105263157894735
23,"Which British royal, whose mother-in-law was Queen Elizabeth II, was married to the individual often referred to as the “People’s Princess”?",Charles III,Stephen A. Douglas,Stephen William Hawking,Kaiser Wilhelm II,A,Diana Princess of Wales,True,False,"[27, 16, 49]","[Decimal('10.25'), Decimal('6.03'), Decimal('17.73')]","[5, 3, 5]","[Decimal('-0.08'), Decimal('0.02'), Decimal('0.03')]",,"['Charles III', 'Person', 'SPOUSE', '<-', 'Diana Princess of Wales', 'Person', 'MOTHER_IN_LAW', '->', 'Elizabeth II', 'Person']",,0.17647058823529416
24,"Who is the paternal grandfather of King George VI’s grandson, who is also the parent of William?",Charles III,Willard Carroll Smith II,Eminem,Robert Bork,A,Diana Princess of Wales,True,True,"[2, 16, 27, 6]","[Decimal('0.79'), Decimal('6.03'), Decimal('10.25'), Decimal('1.98')]","[5, 5, 4]","[Decimal('0.03'), Decimal('-0.05'), Decimal('0.06')]",,"['William', 'Person', 'PARENT', '<-', 'Diana Princess of Wales', 'Person', 'SPOUSE', '->', 'Charles III', 'Person']","['Charles III', 'Person', 'GRANDFATHER', '->', 'King George VI', 'Person']",0.23076923076923073
25,"In the action film ""G.I. Joe: Retaliation,"" who played the role of Roadblock?",Brian Epstein,Farrokh Bulsara,Destiny Hope Cyrus,Dwayne Douglas Johnson,D,,False,False,"[36, 1]","[Decimal('14.89'), Decimal('0.5')]","[5, 5, 5]","[Decimal('-0.04'), Decimal('-0.04'), Decimal('0.09')]","['Dwayne Douglas Johnson', 'Person', 'ACTOR', '->', 'G.I. Joe: Retaliation', 'Creative work']",,,0.2894736842105263
26,"In the action-packed film ""G.I. Joe: Retaliation,"" which actor, who is also known by the moniker ""The Rock,"" played a significant role?",Dwayne Douglas Johnson,6Ix9Ine,"Milena Markovna ""Mila"" Kunis",Thomas Cruise Mapother IV,A,,False,True,"[1, 36, 1]","[Decimal('0.5'), Decimal('14.89'), Decimal('0.5')]","[3, 4, 4]","[Decimal('0.07'), Decimal('0.01'), Decimal('-0.08')]","['Dwayne Douglas Johnson', 'Person', 'ACTOR', '->', 'G.I. Joe: Retaliation', 'Creative work']",,"['Dwayne Douglas Johnson', 'Person', 'ALIAS', '->', 'The Rock', 'Person']",0.19999999999999996
27,Which influential person’s status is shared with a famous rapper who has been recognized for his significant impact by a renowned publication?,Dwayne Michael Carter Jr.,Miley Ray Cyrus,Dwayne Douglas Johnson,Khloé Kardashian,C,Time,True,False,"[36, 7, 20]","[Decimal('14.89'), Decimal('2.38'), Decimal('6.95')]","[4, 4, 5]","[Decimal('-0.01'), Decimal('0.09'), Decimal('-0.02')]",,"['Dwayne Douglas Johnson', 'Person', 'INFLUENTIAL_PERSON', '->', 'Time', 'Organization', 'INFLUENTIAL', '<-', 'Jay-Z', 'Person']",,0.7631578947368421
28,"Which notable individual, known for their affiliation with the Calgary Stampeders, shares a connection of influence with Lionel Andrés Messi through a prominent organization?",Dwayne Douglas Johnson,Billy Ray Cyrus,Duke of York,George Harrison,A,Time,True,True,"[26, 7, 36, 1]","[Decimal('10.26'), Decimal('2.38'), Decimal('14.89'), Decimal('0.5')]","[5, 5, 5]","[Decimal('0.09'), Decimal('0.13'), Decimal('-0.04')]",,"['Lionel Andrés Messi', 'Person', 'INFLUENTIAL', '->', 'Time', 'Organization', 'INFLUENTIAL_PERSON', '<-', 'Dwayne Douglas Johnson', 'Person']","['Dwayne Douglas Johnson', 'Person', 'AFFILIATION', '->', 'Calgary Stampeders', 'Organization']",0.6857142857142857
29,Who was the monarch of New Zealand from 1952 until their passing in 2022?,Elizabeth II,Arnold Alois Schwarzenegger,Bruce Lee,Clarence Thomas,A,,False,False,"[49, 1]","[Decimal('17.73'), Decimal('0.45')]","[4, 4, 3]","[Decimal('-0.02'), Decimal('0'), Decimal('-0.03')]","['Elizabeth II', 'Person', 'QUEEN', '->', 'New Zealand', 'Country']",,,0.5882352941176471
30,"In a remarkable historical timeline, the successor to the throne of the United Kingdom became King Charles due to his parent, who once held the title of sovereign in this nation. Who was this renowned monarch?",Franz von Papen,Elizabeth II,Warren G. Harding,Elon Reeve Musk,B,,False,True,"[2, 49, 28]","[Decimal('0.77'), Decimal('17.73'), Decimal('9.18')]","[4, 4, 4]","[Decimal('-0.07'), Decimal('0'), Decimal('-0.01')]","['Elizabeth II', 'Person', 'CHILD', '->', 'Charles', 'Person']",,"['Elizabeth II', 'Person', 'QUEEN', '->', 'United Kingdom', 'Country']",0.1470588235294118
31,"Which person, known for their connection to a country with English as its official language, held the position of Queen?",Elizabeth II,Paris Hilton,Adolf Hitler,JFK,A,United Kingdom,True,False,"[49, 28, 3]","[Decimal('17.73'), Decimal('9.18'), Decimal('1.04')]","[5, 2, 5]","[Decimal('-0.05'), Decimal('-0.01'), Decimal('-0.09')]",,"['Elizabeth II', 'Person', 'QUEEN', '->', 'United Kingdom', 'Country', 'OFFICIAL_LANGUAGE', '->', 'English', 'Language']",,0.03125
32,"Having served in the Royal Navy, which British monarch, who was the grandchild of King George V, was succeeded by her son on the throne?",Karim Benzema,Elizabeth II,Arnold Alois Schwarzenegger,Joseph Robinette Biden Jr.,B,Charles III,True,True,"[2, 27, 49, 1]","[Decimal('0.78'), Decimal('10.25'), Decimal('17.73'), Decimal('0.45')]","[5, 4, 2]","[Decimal('0.07'), Decimal('-0.02'), Decimal('-0.01')]",,"['Royal Navy', 'Organization', 'SERVED_IN', '<-', 'Charles III', 'Person', 'SUCCEEDED_BY', '<-', 'Elizabeth II', 'Person']","['Elizabeth II', 'Person', 'GRANDFATHER', '->', 'King George V', 'Person']",0.15555555555555556
33,"Which rapper released the album titled ""Encore""?",Karim Benzema,Cristiano Ronaldo,Tim Burton,Eminem,D,,False,False,"[42, 1]","[Decimal('15.32'), Decimal('0.46')]","[5, 4, 5]","[Decimal('0.01'), Decimal('0.02'), Decimal('0.04')]","['Eminem', 'Person', 'CREATED', '->', 'Encore', 'Album']",,,0.025000000000000022
34,"Which member of the duo Bad Meets Evil, who also released the album ""Music to Be Murdered By,"" has made a significant impact on the music industry?",Eminem,Keanu Charles Reeves,Pamela Fryman,Thomas Andrews Jr.,A,,False,True,"[1, 42, 1]","[Decimal('0.46'), Decimal('15.32'), Decimal('0.46')]","[4, 5, 5]","[Decimal('-0.02'), Decimal('-0.03'), Decimal('0.06')]","['Eminem', 'Person', 'MEMBER_OF', '->', 'Bad Meets Evil', 'Group']",,"['Eminem', 'Person', 'CREATED', '->', 'Music to Be Murdered By', 'Album']",0.28125
35,This hip-hop artist shares a prestigious television award with Taylor Swift. Who is he?,Eminem,Milwaukee Cannibal,Cristiano Ronaldo,Diana Princess of Wales,A,Primetime Emmy Award,True,False,"[42, 4, 41]","[Decimal('15.32'), Decimal('1.41'), Decimal('16.62')]","[5, 4, 5]","[Decimal('0.03'), Decimal('0.02'), Decimal('-0.06')]",,"['Eminem', 'Person', 'WON', '->', 'Primetime Emmy Award', 'Award', 'WON', '<-', 'Taylor Alison Swift', 'Person']",,0.1351351351351351
36,"Which artist, known for creating the album ""Encore,"" was named Artist of the Decade, an accolade received by another artist ranked by the same entity that ranked Miley Ray Cyrus?",Tyga,Michael Shea,Eminem,Drake,C,Billboard,True,True,"[42, 5, 42, 1]","[Decimal('16.13'), Decimal('1.68'), Decimal('15.32'), Decimal('0.46')]","[4, 5, 4]","[Decimal('-0.07'), Decimal('-0.03'), Decimal('-0.07')]",,"['Miley Ray Cyrus', 'Person', 'RANKED_BY', '->', 'Billboard', 'Organization', 'NAMED_ARTIST_OF_DECADE', '<-', 'Eminem', 'Person']","['Eminem', 'Person', 'CREATED', '->', 'Encore', 'Album']",0.3555555555555555
37,"Which country was actively involved in a major global conflict from 1939 to 1945, known for its iconic resistance movement and strategic battles in both Europe and North Africa?",Empire Of Japan,France,Sri Lanka,Bangladesh,B,,False,False,"[39, 17]","[Decimal('14.43'), Decimal('5.4')]","[3, 4, 4]","[Decimal('0.13'), Decimal('0.02'), Decimal('0.02')]","['France', 'Country', 'INVOLVED_IN', '->', 'World War II', 'Event']",,,0.5714285714285714
38,"Which historic nation, once led by Napoleon Bonaparte, was a key participant in World War I?",France,People’s Republic of China,Egypt,Myanmar,A,,False,True,"[2, 39, 26]","[Decimal('0.92'), Decimal('14.43'), Decimal('9.32')]","[3, 5, 4]","[Decimal('0.04'), Decimal('-0.09'), Decimal('0')]","['France', 'Country', 'LED_BY', '->', 'Napoleon Bonaparte', 'Person']",,"['France', 'Country', 'INVOLVED_IN', '->', 'World War I', 'Event']",0.125
39,"After offering a universal healthcare system, which country found itself at war with the nation that made this offer?",Switzerland,France,Netherlands,Maldives,B,Germany,True,False,"[39, 53, 1]","[Decimal('14.43'), Decimal('18.29'), Decimal('0.44')]","[2, 2, 4]","[Decimal('0.23'), Decimal('0.32'), Decimal('0.02')]",,"['France', 'Country', 'DECLARED_WAR', '<-', 'Germany', 'Country', 'OFFERS', '->', 'Universal Health Care System', 'System']",,0.6388888888888888
40,"If you’re traveling from Austria to a country that shares a border with it and also played a role in World War I, to which country are you heading?",Ukraine,Austria-Hungary,Republic of Ireland,France,D,Germany,True,True,"[2, 53, 39, 26]","[Decimal('0.71'), Decimal('18.29'), Decimal('14.43'), Decimal('9.32')]","[3, 4, 4]","[Decimal('0.07'), Decimal('0.12'), Decimal('-0.11')]",,"['Austria Title', 'Country', 'BORDERS', '<-', 'Germany', 'Country', 'BORDERS', '->', 'France', 'Country']","['France', 'Country', 'INVOLVED_IN', '->', 'World War I', 'Event']",0.675
41,Which country shares a border with Luxembourg?,Maldives,Serbia,Germany,Jordan,C,,False,False,"[53, 2]","[Decimal('18.29'), Decimal('0.75')]","[4, 2, 4]","[Decimal('0'), Decimal('0.17'), Decimal('-0.14')]","['Germany', 'Country', 'BORDERS', '->', 'Luxembourg', 'Country']",,,0.16279069767441856
42,"Which country, located in Central Europe, shares a border with the Netherlands?",Andorra,Germany,Republic of India,Serbia,B,,False,True,"[1, 53, 1]","[Decimal('0.44'), Decimal('18.29'), Decimal('0.44')]","[2, 4, 2]","[Decimal('0.41'), Decimal('0'), Decimal('0.17')]","['Germany', 'Country', 'BORDERS', '->', 'Netherlands', 'Country']",,"['Germany', 'Country', 'LOCATED_IN', '->', 'Central Europe', 'Region']",0.13888888888888884
43,"Which country, like Japan, underwent an event following World War II that involved administration by foreign powers?",Germany,Soviet Russia,Belgium,Empire Of Japan,A,Allied Occupation,True,False,"[53, 2, 23]","[Decimal('18.29'), Decimal('0.76'), Decimal('8.64')]","[3, 1, 3]","[Decimal('-0.06'), Decimal('0.89'), Decimal('0.03')]",,"['Germany', 'Country', 'FOLLOWED', '<-', 'Allied Occupation', 'Event', 'UNDERWENT', '<-', 'Japan', 'Country']",,0.627906976744186
44,"Following the Allied Occupation, which country was led by a figure who initiated the Second World War?",Germany,British,Switzerland,Japan,A,Adolf Hitler,True,True,"[2, 24, 53, 2]","[Decimal('0.77'), Decimal('8.85'), Decimal('18.29'), Decimal('0.76')]","[3, 1, 2]","[Decimal('-0.09'), Decimal('0.77'), Decimal('0.01')]",,"['Second World War', 'Event', 'INITIATED', '<-', 'Adolf Hitler', 'Person', 'LED_BY', '<-', 'Germany', 'Country']","['Germany', 'Country', 'FOLLOWED', '<-', 'Allied Occupation', 'Event']",0.1842105263157895
45,In which country was the historical Delhi Sultanate primarily located?,Malaysia,Australia,Canada,India,D,,False,False,"[30, 1]","[Decimal('12.63'), Decimal('0.5')]","[4, 3, 3]","[Decimal('-0.04'), Decimal('0.02'), Decimal('0.03')]","['India', 'Country', 'LOCATED_IN', '<-', 'Delhi Sultanate', 'Empire']",,,0.13953488372093026
46,"Once ruled by the British East India Company, which country is bordered by the Arabian Sea?",India,Canada,United States of America,Ukraine,A,,False,True,"[1, 30, 1]","[Decimal('0.5'), Decimal('12.63'), Decimal('0.5')]","[3, 3, 4]","[Decimal('0.03'), Decimal('-0.04'), Decimal('0.08')]","['India', 'Country', 'RULED', '<-', 'British East India Company', 'Organization']",,"['India', 'Country', 'BOUNDED_BY', '->', 'Arabian Sea', 'Body of water']",0.06818181818181823
47,"Known for leading a nation against the Axis Powers during World War II, what country is a former colony of the British Empire?",India,Denmark,Bhutan,Ukraine,A,Winston Churchill,True,False,"[30, 16, 1]","[Decimal('12.63'), Decimal('6.24'), Decimal('0.48')]","[4, 1, 4]","[Decimal('0.04'), Decimal('0.99'), Decimal('0.08')]",,"['India', 'Country', 'FORMER_COLONY', '<-', 'Winston Churchill', 'Person', 'OPPONENT', '->', 'Axis Powers', 'Organization']",,0.2222222222222222
48,The man who succeeded Neville Chamberlain as British Prime Minister once led a country that is bordered by the Arabian Sea. Which country is this?,Nazi Germany,Myanmar,Serbia,India,D,Winston Churchill,True,True,"[1, 16, 30, 1]","[Decimal('0.48'), Decimal('6.24'), Decimal('12.63'), Decimal('0.5')]","[2, 1, 4]","[Decimal('0.32'), Decimal('0.65'), Decimal('0.01')]",,"['Neville Chamberlain', 'Person', 'SUCCESSOR', '<-', 'Winston Churchill', 'Person', 'FORMER_COLONY', '->', 'India', 'Country']","['India', 'Country', 'BOUNDED_BY', '->', 'Arabian Sea', 'Body of water']",0.4193548387096774
49,"Known as the capital city of an ancient land, Jerusalem is the administrative center of which country today?",Iraq,New Zealand,Israel,Denmark,C,,False,False,"[37, 1]","[Decimal('14.5'), Decimal('0.48')]","[2, 4, 4]","[Decimal('0.41'), Decimal('0'), Decimal('-0.09')]","['Israel', 'Country', 'CAPITAL', '->', 'Jerusalem', 'City']",,,0.29166666666666663
50,"Which country, located in the region known as the Land of Israel, has a border with the West Bank?",East Germany,South Africa,Afghanistan,Israel,D,,False,True,"[1, 37, 8]","[Decimal('0.48'), Decimal('14.5'), Decimal('3.64')]","[4, 4, 3]","[Decimal('-0.12'), Decimal('0'), Decimal('0.11')]","['Israel', 'Country', 'BORDERS', '->', 'West Bank', 'Region']",,"['Israel', 'Country', 'LOCATED_IN', '->', 'Land Of Israel', 'Region']",0.34693877551020413
51,Which country’s support is influenced by the public approval ratings measured by Gallup for a political figure?,New Zealand,Georgia,West Germany,Israel,D,Joseph Robinette Biden Jr.,True,False,"[37, 26, 1]","[Decimal('14.5'), Decimal('9.65'), Decimal('0.46')]","[4, 3, 4]","[Decimal('0'), Decimal('0.05'), Decimal('-0.14')]",,"['Israel', 'Country', 'SUPPORTED', '<-', 'Joseph Robinette Biden Jr.', 'Person', 'APPROVAL_RATING', '<-', 'Gallup', 'Organization']",,0.5161290322580645
52,Which country that borders Lebanon was supported by the same person who signed the American Rescue Plan Act into law?,Netherlands,Lebanon,Israel,Korea,C,Joseph Robinette Biden Jr.,True,True,"[1, 26, 37, 1]","[Decimal('0.46'), Decimal('9.65'), Decimal('14.5'), Decimal('0.48')]","[4, 1, 4]","[Decimal('-0.12'), Decimal('0.99'), Decimal('-0.06')]",,"['American Rescue Plan Act', 'Legislation', 'SIGNED', '<-', 'Joseph Robinette Biden Jr.', 'Person', 'SUPPORTED', '->', 'Israel', 'Country']","['Israel', 'Country', 'BORDERS', '->', 'Lebanon', 'Country']",0.25806451612903225
53,"In the 2003 comedy film ""Bruce Almighty,"" who played the role of Grace Connelly, the love interest of Jim Carrey’s character?",Willard Carroll Smith II,Jennifer Joanna Aniston,Joe Perry,Freddie Mercury,B,,False,False,"[29, 2]","[Decimal('11.31'), Decimal('0.94')]","[4, 4, 5]","[Decimal('0'), Decimal('0.14'), Decimal('0.1')]","['Jennifer Joanna Aniston', 'Person', 'STARRED_IN', '->', 'Bruce Almighty', 'Film']",,,0.2195121951219512
54,"Which actress, who played the iconic role of Rachel Green, starred in the film ""We’re the Millers""?",Dwayne Douglas Johnson,Jennifer Joanna Aniston,Tony Bennett,Paul McCartney,B,,False,True,"[2, 29, 2]","[Decimal('0.94'), Decimal('11.31'), Decimal('0.9')]","[5, 4, 5]","[Decimal('0.05'), Decimal('0.04'), Decimal('-0.06')]","['Jennifer Joanna Aniston', 'Person', 'STARRED_IN', '->', 'We’re the Millers', 'Film']",,"['Jennifer Joanna Aniston', 'Person', 'ROLE', '->', 'Rachel Green', 'Role']",0.16666666666666663
55,"In which 2006 film, known for its portrayal of a relationship coming to an end, did an acclaimed actress take on a leading role?",John Aniston,Ronnie Coleman,Miley Ray Cyrus,Jennifer Joanna Aniston,D,The Break-Up,True,False,"[29, 2, 1]","[Decimal('11.31'), Decimal('0.94'), Decimal('0.55')]","[1, 4, 4]","[Decimal('0.98'), Decimal('0.1'), Decimal('0.06')]",,"['Jennifer Joanna Aniston', 'Person', 'STARRED_IN', '->', 'The Break-Up', 'Film', 'RELEASE_YEAR', '->', '2006', 'Year']",,0.3142857142857143
56,"Which award-winning actress, known for being part of a popular morning-themed show on Apple TV+, has received a Screen Actors Guild Award?",Marshall Bruce Mathers III,Michael Shea,Child with Dauriac,Jennifer Joanna Aniston,D,The Morning Show,True,True,"[1, 2, 29, 1]","[Decimal('0.55'), Decimal('0.94'), Decimal('11.31'), Decimal('0.48')]","[5, 3, 3]","[Decimal('0.08'), Decimal('0.12'), Decimal('0.09')]",,"['Apple TV+', 'Platform', 'PLATFORM', '<-', 'The Morning Show', 'Television show', 'STARRED_IN', '<-', 'Jennifer Joanna Aniston', 'Person']","['Jennifer Joanna Aniston', 'Person', 'AWARD_RECEIVED', '->', 'Screen Actors Guild', 'Award']",0.2894736842105263
57,"In Tim Burton’s film ""Sleepy Hollow,"" who portrayed the character Ichabod Crane?",John Christopher Depp II,Jeffrey Lionel Dahmer,Destiny Hope Cyrus,Michael Shea,A,,False,False,"[40, 1]","[Decimal('16.45'), Decimal('0.49')]","[4, 5, 5]","[Decimal('0.01'), Decimal('-0.03'), Decimal('0.12')]","['John Christopher Depp II', 'Person', 'ACTED_IN', '->', 'Sleepy Hollow', 'Film']",,,0.4117647058823529
58,"Starring in films like ""Minamata"" and ""Edward Scissorhands,"" who is the actor known for portraying eccentric characters in movies?",Dj Jazzy Jeff,Destiny Hope Cyrus,Robyn Rihanna Fenty,John Christopher Depp II,D,,False,True,"[1, 40, 1]","[Decimal('0.49'), Decimal('16.45'), Decimal('0.49')]","[3, 5, 4]","[Decimal('0.02'), Decimal('-0.03'), Decimal('-0.03')]","['John Christopher Depp II', 'Person', 'ACTED_IN', '->', 'Minamata', 'Film']",,"['John Christopher Depp II', 'Person', 'ACTED_IN', '->', 'Edward Scissorhands', 'Film']",0.2142857142857143
59,Which person founded a band that includes Alice Cooper as a member?,Marshall Bruce Mathers III,Taylor Alison Swift,John Christopher Depp II,Jon Voight,C,Hollywood Vampires,True,False,"[40, 3, 1]","[Decimal('16.45'), Decimal('1.43'), Decimal('0.55')]","[5, 4, 3]","[Decimal('0.05'), Decimal('0'), Decimal('-0.01')]",,"['John Christopher Depp II', 'Person', 'FORMED', '->', 'Hollywood Vampires', 'Band', 'MEMBER', '->', 'Alice Cooper', 'Person']",,0.75
60,"Which famous actor, known for being nominated for an Academy Award, shares a prestigious award with Willard Carroll Smith II?",Kevin Feige,Ty Dolla Sign,John Christopher Depp II,Ye,C,Golden Globe Award,True,True,"[35, 8, 40, 8]","[Decimal('14.56'), Decimal('2.85'), Decimal('16.45'), Decimal('2.84')]","[5, 5, 4]","[Decimal('-0.03'), Decimal('-0.07'), Decimal('-0.07')]",,"['Willard Carroll Smith II', 'Person', 'RECEIVED', '->', 'Golden Globe Award', 'Award', 'RECIPIENT', '<-', 'John Christopher Depp II', 'Person']","['John Christopher Depp II', 'Person', 'NOMINATED', '->', 'Academy Award', 'Award']",0.37777777777777777
61,Which celebrity holds the record for fulfilling the highest number of wishes through the Make-a-Wish Foundation?,Doja Cat,Dwayne Douglas Johnson,John Felix Anthony Cena,Sharon Tate,C,,False,False,"[26, 1]","[Decimal('11.38'), Decimal('0.52')]","[5, 2, 4]","[Decimal('0.08'), Decimal('0.14'), Decimal('0.02')]","['John Felix Anthony Cena', 'Person', 'INVOLVED_IN', '->', 'Make-a-Wish Foundation', 'Organization']",,,0.7428571428571429
62,"Which professional wrestler, known for being tied with Ric Flair for the world champion record, got his start in an organization called Ohio Valley Wrestling?",Zachary Taylor,Lionel Messi,Bobby Beausoleil,John Felix Anthony Cena,D,,False,True,"[1, 26, 1]","[Decimal('0.52'), Decimal('11.38'), Decimal('0.52')]","[5, 5, 4]","[Decimal('-0.11'), Decimal('-0.11'), Decimal('0.01')]","['John Felix Anthony Cena', 'Person', 'EQUAL_WORLD_CHAMPION_RECORD', '->', 'Ric Flair', 'Person']",,"['John Felix Anthony Cena', 'Person', 'ASSIGNED_TO', '->', 'Ohio Valley Wrestling', 'Organization']",0.46808510638297873
63,"Which person, known for their wrestling career, shares a residence history with a prominent tech CEO known for electric vehicles?",Lionel Andrés Messi,Dwayne Douglas Johnson,Lionel Messi,John Felix Anthony Cena,D,California,True,False,"[26, 3, 18]","[Decimal('11.38'), Decimal('1.16'), Decimal('6.52')]","[4, 2, 5]","[Decimal('-0.04'), Decimal('0.14'), Decimal('-0.11')]",,"['John Felix Anthony Cena', 'Person', 'MOVED_TO', '->', 'California', 'Location', 'MOVED_TO', '<-', 'Elon Reeve Musk', 'Person']",,0.37209302325581395
64,"Which individual, who once triumphed in the OVW Southern Tag Team Championship, relocated to the same state as Elon Reeve Musk?",Karim Benzema,Lionel Andrés Messi,Jaz-O,John Felix Anthony Cena,D,California,True,True,"[18, 3, 26, 1]","[Decimal('6.52'), Decimal('1.16'), Decimal('11.38'), Decimal('0.52')]","[5, 4, 5]","[Decimal('-0.11'), Decimal('-0.04'), Decimal('0.05')]",,"['Elon Reeve Musk', 'Person', 'MOVED_TO', '->', 'California', 'Location', 'MOVED_TO', '<-', 'John Felix Anthony Cena', 'Person']","['John Felix Anthony Cena', 'Person', 'WON', '->', 'OVW Southern Tag Team Championship', 'Title']",0.3571428571428571
65,Which historical figure joined the U.S. Naval Reserve before becoming a prominent political leader in the United States?,John Fitzgerald Kennedy,Stamford Raffles,Zachary Taylor,Abraham Lincoln,A,,False,False,"[37, 1]","[Decimal('15.19'), Decimal('0.5')]","[4, 4, 3]","[Decimal('0.11'), Decimal('-0.05'), Decimal('0.14')]","['John Fitzgerald Kennedy', 'Person', 'JOINED', '->', 'U.S. Naval Reserve', 'Organization']",,,0.4358974358974359
66,"Which historical figure, known for establishing the Peace Corps, was assassinated in Dallas?",Ho Chi Minh,John Fitzgerald Kennedy,Abraham Lincoln,Diana,B,,False,True,"[1, 37, 1]","[Decimal('0.5'), Decimal('15.19'), Decimal('0.5')]","[5, 3, 5]","[Decimal('-0.01'), Decimal('0.14'), Decimal('-0.11')]","['John Fitzgerald Kennedy', 'Person', 'ASSASSINATED_IN', '->', 'Dallas', 'City']",,"['John Fitzgerald Kennedy', 'Person', 'ESTABLISHED', '->', 'Peace Corps', 'Organization']",0.48275862068965514
67,Which historical figure operated a type of naval vessel known as PT boats during a major 20th-century conflict?,John Fitzgerald Kennedy,John McCain,Jack Ruby,Kim Jong Un,A,World War II,True,False,"[37, 17, 1]","[Decimal('15.19'), Decimal('5.4'), Decimal('0.42')]","[4, 2, 4]","[Decimal('-0.09'), Decimal('0.57'), Decimal('-0.09')]",,"['John Fitzgerald Kennedy', 'Person', 'PARTICIPATED_IN', '->', 'World War II', 'Event', 'INVOLVED_EQUIPMENT', '->', 'Pt Boats', 'Military equipment']",,0.4
68,"Which influential political figure, who represented Massachusetts and became involved in tensions that arose after World War II, is known for his significant role at the height of geopolitical rivalries in the 20th century?",John Fitzgerald Kennedy,Andrew,Joseph Robinette Biden Jr.,Robert Bork,A,Cold War,True,True,"[17, 5, 37, 1]","[Decimal('5.4'), Decimal('1.67'), Decimal('15.19'), Decimal('0.5')]","[5, 3, 4]","[Decimal('-0.09'), Decimal('-0.01'), Decimal('0')]",,"['World War II', 'Event', 'LED_TO', '->', 'Cold War', 'Event', 'INVOLVED_IN', '<-', 'John Fitzgerald Kennedy', 'Person']","['John Fitzgerald Kennedy', 'Person', 'REPRESENTED', '->', 'Massachusetts', 'State']",0.3142857142857143
69,Under whose leadership were sanctions imposed against Russia by a sitting U.S. President?,Jony Ive,Joseph Robinette Biden Jr.,John Felix Anthony Cena,Carter Bays,B,,False,False,"[26, 22]","[Decimal('9.65'), Decimal('7.73')]","[5, 4, 5]","[Decimal('0.04'), Decimal('-0.12'), Decimal('-0.05')]","['Joseph Robinette Biden Jr.', 'Person', 'IMPOSED_SANCTIONS', '->', 'Russia', 'Country']",,,0.22580645161290325
70,Who was elected to the New Castle County Council and later signed the American Rescue Plan Act?,Vladimir Putin,Scooter Braun,Joseph Robinette Biden Jr.,Duchess of York,C,,False,True,"[1, 26, 1]","[Decimal('0.46'), Decimal('9.65'), Decimal('0.46')]","[2, 4, 3]","[Decimal('0.32'), Decimal('0.01'), Decimal('0.02')]","['Joseph Robinette Biden Jr.', 'Person', 'ELECTED_TO', '->', 'New Castle County Council', 'Organization']",,"['Joseph Robinette Biden Jr.', 'Person', 'SIGNED', '->', 'American Rescue Plan Act', 'Legislation']",0.37777777777777777
71,Which current leader of a country that has historical forced trade relations with Japan held the office starting from 2021?,Pamela Fryman,Clarence Thomas,Joseph Robinette Biden Jr.,Kimberly Noel Kardashian,C,United States,True,False,"[26, 22, 23]","[Decimal('9.65'), Decimal('6.8'), Decimal('8.64')]","[5, 1, 4]","[Decimal('-0.05'), Decimal('0.98'), Decimal('0.03')]",,"['Joseph Robinette Biden Jr.', 'Person', 'PRESIDENT', '->', 'United States', 'Country', 'FORCED_TRADE_WITH', '<-', 'Japan', 'Country']",,0.09756097560975607
72,"In 1982, a historic event took place involving the return of the Sinai Peninsula. Which political figure, known for having an approval rating assessed by Gallup, supported the country involved in this event?",Mary Lincoln,Gianna Bryant,Grover Cleveland,Joseph Robinette Biden Jr.,D,Israel,True,True,"[1, 37, 26, 1]","[Decimal('0.48'), Decimal('14.5'), Decimal('9.65'), Decimal('0.46')]","[3, 5, 3]","[Decimal('0.09'), Decimal('0.02'), Decimal('0.19')]",,"['1982', 'Date', 'RETURNED_SINAI', '<-', 'Israel', 'Country', 'SUPPORTED', '<-', 'Joseph Robinette Biden Jr.', 'Person']","['Joseph Robinette Biden Jr.', 'Person', 'APPROVAL_RATING', '<-', 'Gallup', 'Organization']",0.5294117647058824
73,"Which singer is known for having a major hit with the remixed version of the song ""Despacito""?",Ryan Reynolds,Karim Benzema,Farrokh Bulsara,Justin Drew Bieber,D,,False,False,"[31, 1]","[Decimal('11.49'), Decimal('0.46')]","[5, 3, 5]","[Decimal('0.02'), Decimal('0.02'), Decimal('-0.03')]","['Justin Drew Bieber', 'Person', 'SINGLE', '->', 'Despacito', 'Song']",,,0.4285714285714286
74,"What artist, whose debut EP is titled ""My World,"" was brought to us by the famous musician Usher?",Justin Drew Bieber,Michael Jeffrey Jordan,Edward VIII,The Rock,A,,False,True,"[1, 31, 2]","[Decimal('0.46'), Decimal('11.49'), Decimal('0.81')]","[2, 5, 3]","[Decimal('-0.03'), Decimal('0.04'), Decimal('-0.05')]","['Justin Drew Bieber', 'Person', 'DEBUT_EP', '->', 'My World', 'Album']",,"['Justin Drew Bieber', 'Person', 'BROUGHT_TO_US_BY', '->', 'Usher', 'Person']",0.11627906976744184
75,"Widely known for recognizing influential celebrities, what organization named a pop star and reality TV personality among the most powerful individuals, with the pop star also being identified as a Canadian singer internationally renowned for his hit songs?",Muammar Gaddafi,Cristiano Ronaldo,Angelina Jolie,Justin Drew Bieber,D,Forbes,True,False,"[31, 7, 26]","[Decimal('11.49'), Decimal('2.46'), Decimal('11.07')]","[5, 2, 4]","[Decimal('-0.02'), Decimal('0.03'), Decimal('-0.09')]",,"['Justin Drew Bieber', 'Person', 'NAMED_POWERFUL', '<-', 'Forbes', 'Organization', 'RECOGNIZED_BY', '<-', 'Kimberly Noel Kardashian', 'Person']",,0.11904761904761907
76,"What Canadian singer, known for the hit single ""Stay,"" speaks French as an official language due to his nationality?",Justin Drew Bieber,Stephen A. Douglas,Lionel Messi,Warren G. Harding,A,Canada,True,True,"[1, 25, 31, 1]","[Decimal('0.46'), Decimal('9.11'), Decimal('11.49'), Decimal('0.46')]","[4, 3, 4]","[Decimal('-0.01'), Decimal('0.02'), Decimal('0.05')]",,"['French', 'Language', 'OFFICIAL_LANGUAGE', '<-', 'Canada', 'Country', 'NATIONALITY', '<-', 'Justin Drew Bieber', 'Person']","['Justin Drew Bieber', 'Person', 'SINGLE', '->', 'Stay', 'Song']",0.36734693877551017
77,"In the film ""Point Break,"" who took on the role of an action hero in the iconic 1991 surfing and crime thriller?",Keanu Charles Reeves,Ric Flair,Woody Allen,Scotty Moore,A,,False,False,"[37, 1]","[Decimal('15.7'), Decimal('0.51')]","[5, 5, 3]","[Decimal('0.03'), Decimal('0.07'), Decimal('0.03')]","['Keanu Charles Reeves', 'Person', 'ACTION_HERO_ROLE', '->', 'Point Break', 'Film']",,,0.48888888888888893
78,"Which actor, known for his action hero role in ""Point Break,"" reprised a role in the film ""Bill & Ted Face the Music""?",Keanu Charles Reeves,Makaveli,Richard Nixon,Shawn Corey Carter,A,,False,True,"[1, 37, 1]","[Decimal('0.51'), Decimal('15.7'), Decimal('0.51')]","[3, 5, 5]","[Decimal('-0.11'), Decimal('0.04'), Decimal('0.07')]","['Keanu Charles Reeves', 'Person', 'REPRISED_ROLE_IN', '->', 'Bill & Ted Face the Music', 'Film']",,"['Keanu Charles Reeves', 'Person', 'ACTION_HERO_ROLE', '->', 'Point Break', 'Film']",0.4390243902439024
79,Which Canadian-born actor shares citizenship with a tech billionaire known for founding a prominent electric vehicle company?,George Washington,Ketanji Brown Jackson,Billy Ray Cyrus,Keanu Charles Reeves,D,Canada,True,False,"[37, 2, 18]","[Decimal('15.7'), Decimal('0.81'), Decimal('6.52')]","[5, 5, 5]","[Decimal('0.09'), Decimal('0.01'), Decimal('0.01')]",,"['Keanu Charles Reeves', 'Person', 'NATIONALITY', '->', 'Canada', 'Location', 'CITIZENSHIP', '<-', 'Elon Reeve Musk', 'Person']",,0.4736842105263158
80,"What actor, known for reprising the role of Ted, is a co-writer and creator of a franchise that shares its expansion with The Book of Elsewhere?",Muhammad Ali,Eminem,Keanu Charles Reeves,Destiny Hope Cyrus,C,Brzrkr,True,True,"[1, 2, 37, 1]","[Decimal('0.57'), Decimal('0.98'), Decimal('15.7'), Decimal('0.51')]","[4, 4, 5]","[Decimal('-0.04'), Decimal('-0.02'), Decimal('0.01')]",,"['The Book of Elsewhere', 'Franchise', 'EXPANDED_TO', '<-', 'Brzrkr', 'Franchise', 'CO_WRITER_AND_CREATOR', '<-', 'Keanu Charles Reeves', 'Person']","['Keanu Charles Reeves', 'Person', 'REPRISED_ROLE', '->', 'Ted', 'Character']",0.33333333333333337
81,"In the mid-2000s, which socialite and media personality gained widespread attention due to a leaked personal video featuring them and Ray J?",Kimberly Noel Kardashian,Nicki Minaj,6Ix9Ine,Paris Hilton,A,,False,False,"[26, 1]","[Decimal('11.07'), Decimal('0.51')]","[4, 5, 1]","[Decimal('-0.06'), Decimal('-0.08'), Decimal('1')]","['Kimberly Noel Kardashian', 'Person', 'RELATIONSHIP', '->', 'Ray J', 'Person']",,,0.42105263157894735
82,"In 2023, who shocked viewers by taking on a role in ""American Horror Story,"" despite being best known for appearing in reality TV shows such as ""Kourtney And Kim Take Miami""?",Kimberly Noel Kardashian,Winston Churchill,Richard Nixon,Charles III,A,,False,True,"[1, 26, 1]","[Decimal('0.51'), Decimal('11.07'), Decimal('0.51')]","[5, 5, 5]","[Decimal('0.01'), Decimal('-0.1'), Decimal('0.05')]","['Kimberly Noel Kardashian', 'Person', 'ACTED_IN', '->', 'American Horror Story', 'Television series']",,"['Kimberly Noel Kardashian', 'Person', 'APPEARED_IN', '->', 'Kourtney And Kim Take Miami', 'Television series']",0.25
83,"Recognized as a leading figure by a prestigious publication, who shares this honor with Justin Drew Bieber in being named influential in their respective fields?",Kimberly Noel Kardashian,Elizabeth II,Sylvester Stallone,Destiny Hope Cyrus,A,Forbes,True,False,"[26, 7, 31]","[Decimal('11.07'), Decimal('2.46'), Decimal('11.49')]","[4, 5, 5]","[Decimal('-0.05'), Decimal('-0.05'), Decimal('-0.02')]",,"['Kimberly Noel Kardashian', 'Person', 'RECOGNIZED_BY', '->', 'Forbes', 'Organization', 'NAMED_POWERFUL', '->', 'Justin Drew Bieber', 'Person']",,0.625
84,"Which socialite and entrepreneur, who co-founded the clothing store Dash, was recognized by the same organization that deemed Justin Bieber as powerful?",Snoop Dogg,Duchess of York,Kimberly Noel Kardashian,Leonardo Wilhelm DiCaprio,C,Forbes,True,True,"[31, 7, 26, 1]","[Decimal('11.49'), Decimal('2.46'), Decimal('11.07'), Decimal('0.51')]","[5, 5, 4]","[Decimal('-0.06'), Decimal('0.01'), Decimal('-0.07')]",,"['Justin Drew Bieber', 'Person', 'NAMED_POWERFUL', '<-', 'Forbes', 'Organization', 'RECOGNIZED_BY', '<-', 'Kimberly Noel Kardashian', 'Person']","['Kimberly Noel Kardashian', 'Person', 'FOUNDED', '->', 'Dash', 'Business']",0.5806451612903225
85,"Who is the artist known for receiving two Golden Globe Awards, in addition to being a renowned figure in the music and entertainment industry?",Lady Gaga,Destiny Hope Cyrus,Billy Bob Thornton,D.J. Fontana,A,,False,False,"[27, 1]","[Decimal('10.25'), Decimal('0.47')]","[5, 5, 3]","[Decimal('0.01'), Decimal('-0.1'), Decimal('0.01')]","['Lady Gaga', 'Person', 'RECEIVED', '->', 'Two Golden Globe Awards', 'Award']",,,0.21052631578947367
86,"Which celebrity, known for their role in ""House Of Gucci,"" founded the ""Born This Way Foundation""?",John Lennon,Avi Arad,Lady Gaga,Jada Pinkett Smith,C,,False,True,"[1, 27, 1]","[Decimal('0.47'), Decimal('10.25'), Decimal('0.47')]","[5, 5, 5]","[Decimal('-0.07'), Decimal('0.06'), Decimal('-0.07')]","['Lady Gaga', 'Person', 'FOUNDED', '->', 'Born This Way Foundation', 'Organization']",,"['Lady Gaga', 'Person', 'ACTED_IN', '->', 'House Of Gucci', 'Film']",0.27586206896551724
87,"Who is the artist behind the hit song ""Telephone""?",Hillary Clinton,Neil Patrick Harris,Lady Gaga,2Pac,C,The Fame Monster,True,False,"[27, 4, 1]","[Decimal('10.25'), Decimal('1.83'), Decimal('0.54')]","[5, 3, 5]","[Decimal('0.04'), Decimal('0.1'), Decimal('0.06')]",,"['Lady Gaga', 'Person', 'RELEASED', '->', 'The Fame Monster', 'Album', 'INCLUDES', '->', 'Telephone', 'Song']",,0.09375
88,"Which global music icon, known for releasing another successful album titled ""Artpop,"" achieved the milestone of selling 1 million copies of their album in its first week?",Lady Gaga,Billy Ray Cyrus,Amy Pascal,Freddie Mercury,A,Born This Way,True,True,"[1, 3, 27, 1]","[Decimal('0.54'), Decimal('1.38'), Decimal('10.25'), Decimal('0.47')]","[5, 5, 5]","[Decimal('0.01'), Decimal('0.06'), Decimal('0.11')]",,"['1 Million', 'Quantity', 'SOLD_IN_FIRST_WEEK', '<-', 'Born This Way', 'Album', 'RELEASED', '<-', 'Lady Gaga', 'Person']","['Lady Gaga', 'Person', 'RELEASED', '->', 'Artpop', 'Album']",0.24137931034482762
89,Which footballer has famously won the UEFA Champions League multiple times during his illustrious career?,Lionel Andrés Messi,Steven Paul Jobs,Stefani Joanne Angelina Germanotta,"Milena Markovna ""Mila"" Kunis",A,,False,False,"[26, 1]","[Decimal('10.26'), Decimal('0.48')]","[4, 5, 4]","[Decimal('0.15'), Decimal('0.05'), Decimal('0.01')]","['Lionel Andrés Messi', 'Person', 'WON', '->', 'UEFA Champions League', 'Event']",,,0.0
90,"In 2021, which legendary footballer achieved a career milestone by winning both the prestigious Ligue 1 championship and the FIFA World Cup?",Ray J,Diego Maradona,Rob Greenberg,Lionel Andrés Messi,D,,False,True,"[1, 26, 1]","[Decimal('0.48'), Decimal('10.26'), Decimal('0.48')]","[3, 1, 5]","[Decimal('0.02'), Decimal('0.99'), Decimal('0.04')]","['Lionel Andrés Messi', 'Person', 'WON', '->', 'Ligue 1', 'Event']",,"['Lionel Andrés Messi', 'Person', 'WON', '->', 'FIFA World Cup', 'Event']",0.14634146341463417
91,Who is known as a major rival to the record-holding player of the UEFA Champions League?,Martin Scorsese,Charles Milles Manson,Lionel Andrés Messi,Sam Phillips,C,Cristiano Ronaldo,True,False,"[26, 22, 1]","[Decimal('10.26'), Decimal('8.71'), Decimal('0.48')]","[5, 4, 3]","[Decimal('0.07'), Decimal('0'), Decimal('0.06')]",,"['Lionel Andrés Messi', 'Person', 'RIVAL', '->', 'Cristiano Ronaldo', 'Person', 'RECORD_HOLDER', '->', 'UEFA Champions League', 'Competition']",,0.12195121951219512
92,"Which influential individual, recognized alongside Bruce Lee as one of the 100 most important people of the 20th century, celebrated a major victory by winning the Copa América?",Brad Pitt,Lionel Andrés Messi,Tupac Amaru Shakur,Ketanji Brown Jackson,B,Time,True,True,"[22, 7, 26, 1]","[Decimal('8.37'), Decimal('2.38'), Decimal('10.26'), Decimal('0.48')]","[5, 4, 5]","[Decimal('-0.08'), Decimal('0.04'), Decimal('0.11')]",,"['Bruce Lee', 'Person', 'NAMED_ONE_OF_100_MOST_IMPORTANT_PEOPLE_OF_20TH_CENTURY', '->', 'Time', 'Organization', 'INFLUENTIAL', '<-', 'Lionel Andrés Messi', 'Person']","['Lionel Andrés Messi', 'Person', 'WON', '->', 'Copa América', 'Event']",0.3157894736842105
93,"Which organization is credited with producing the film ""Doctor Strange in the Multiverse of Madness""?",Marvel Studios,Valhalla Motion Pictures,Agbo,Def Jam Recordings,A,,False,False,"[49, 1]","[Decimal('20.4'), Decimal('0.5')]","[2, 2, 5]","[Decimal('0.54'), Decimal('0.55'), Decimal('-0.07')]","['Marvel Studios', 'Organization', 'PRODUCED_BY', '<-', 'Doctor Strange In The Multiverse Of Madness', 'Film']",,,0.07894736842105265
94,"What organization is credited with producing both the film ""Doctor Strange"" and ""Iron Man 2""?",Marvel Studios,Nation Of Islam,Billboard,Michigan Wolverines,A,,False,True,"[1, 49, 2]","[Decimal('0.5'), Decimal('20.4'), Decimal('0.82')]","[5, 5, 5]","[Decimal('-0.01'), Decimal('0.04'), Decimal('-0.08')]","['Marvel Studios', 'Organization', 'PRODUCED_BY', '<-', 'Doctor Strange', 'Film']",,"['Marvel Studios', 'Organization', 'PRODUCED_BY', '<-', 'Iron Man 2', 'Film']",0.09756097560975607
95,What organization is credited with producing a film that is part of the superhero team franchise known for assembling iconic characters like Iron Man and Thor?,Church of Scientology,Young Money Entertainment,Marvel Studios,Guinness World Records,C,Avengers: Endgame,True,False,"[49, 3, 1]","[Decimal('20.4'), Decimal('1.28'), Decimal('0.51')]","[5, 5, 5]","[Decimal('0.04'), Decimal('-0.06'), Decimal('-0.01')]",,"['Marvel Studios', 'Organization', 'PRODUCED_BY', '<-', 'Avengers: Endgame', 'Film', 'PART_OF', '->', 'Avengers', 'Concept']",,0.07407407407407407
96,"Known for producing a popular superhero film series, what organization is also credited with producing the 2017 hit film ""Spider-Man: Homecoming""?",Marvel Studios,Songwriters Hall of Fame,Def Jam Recordings,40/40 Club,A,Avengers: Endgame,True,True,"[3, 3, 49, 4]","[Decimal('1.24'), Decimal('1.28'), Decimal('20.4'), Decimal('1.76')]","[5, 5, 5]","[Decimal('-0.12'), Decimal('-0.07'), Decimal('-0.08')]",,"['Superhero Genre', 'Concept', 'PART_OF', '<-', 'Avengers: Endgame', 'Film', 'PRODUCED_BY', '->', 'Marvel Studios', 'Organization']","['Marvel Studios', 'Organization', 'PRODUCED_BY', '<-', 'Spider-Man: Homecoming', 'Film']",0.050000000000000044
97,"Who famously released the hit song ""Wrecking Ball""?",Miley Ray Cyrus,Romain Dauriac,Paris Hilton,Tyga,A,,False,False,"[42, 1]","[Decimal('16.13'), Decimal('0.47')]","[5, 5, 4]","[Decimal('-0.07'), Decimal('-0.01'), Decimal('0.04')]","['Miley Ray Cyrus', 'Person', 'RELEASED', '->', 'Wrecking Ball', 'Song']",,,0.11904761904761907
98,"Which artist, recognized for their high rankings by the RIAA, released the album ""Meet Miley Cyrus""?",Miley Ray Cyrus,Elvis,Snoop Dogg,Phil Heath,A,,False,True,"[1, 42, 3]","[Decimal('0.47'), Decimal('16.13'), Decimal('1.15')]","[3, 5, 5]","[Decimal('0.05'), Decimal('-0.09'), Decimal('0.01')]","['Miley Ray Cyrus', 'Person', 'RELEASED', '->', 'Meet Miley Cyrus', 'Album']",,"['Miley Ray Cyrus', 'Person', 'RANKED_BY', '->', 'RIAA', 'Organization']",0.16666666666666663
99,"Which of these artists, known for their contributions to both music and television, shares a Grammy-winning status with the artist formerly known as Kanye West?",Miley Ray Cyrus,Sam Phillips,Gray Davis,Jonny Lee Miller,A,Grammy Awards,True,False,"[42, 8, 46]","[Decimal('16.13'), Decimal('2.75'), Decimal('18.52')]","[3, 5, 5]","[Decimal('0.08'), Decimal('0.01'), Decimal('0.02')]",,"['Miley Ray Cyrus', 'Person', 'WON', '->', 'Grammy Awards', 'Award', 'WON', '<-', 'Ye', 'Person']",,0.5660377358490566
100,"Which artist, who is signed with RCA Records, won a prestigious award for the song ""Flowers""?",Afeni Shakur,Tupac Amaru Shakur,Cassius Marcellus Clay Jr.,Miley Ray Cyrus,D,Grammy Awards,True,True,"[3, 8, 42, 1]","[Decimal('1.17'), Decimal('2.75'), Decimal('16.13'), Decimal('0.47')]","[5, 4, 5]","[Decimal('-0.09'), Decimal('-0.08'), Decimal('0.14')]",,"['Flowers', 'Song', 'WON', '->', 'Grammy Awards', 'Award', 'WON', '<-', 'Miley Ray Cyrus', 'Person']","['Miley Ray Cyrus', 'Person', 'SIGNED_WITH', '->', 'RCA Records', 'Organization']",0.31707317073170727
101,"Which actress starred in the movie ""Barbershop: The Next Cut"" alongside Ice Cube and Cedric the Entertainer?",Roger Taylor,King George V,Brad Pitt,Nicki Minaj,D,,False,False,"[39, 1]","[Decimal('13.95'), Decimal('0.45')]","[5, 5, 5]","[Decimal('-0.05'), Decimal('0.09'), Decimal('-0.09')]","['Nicki Minaj', 'Person', 'ACTED_IN', '->', 'Barbershop: The Next Cut', 'Movie']",,,0.5111111111111111
102,"Which artist, known for being featured on the song ""Trolls,"" was awarded the Billboard Music Award?",Nathan Rosen,Ric Flair,Nicki Minaj,Sharon Tate,C,,False,True,"[1, 39, 2]","[Decimal('0.45'), Decimal('13.95'), Decimal('0.78')]","[5, 5, 3]","[Decimal('-0.05'), Decimal('0.07'), Decimal('0.06')]","['Nicki Minaj', 'Person', 'AWARDED', '->', 'Billboard Music Award', 'Award']",,"['Nicki Minaj', 'Person', 'FEATURED_ON', '->', 'Trolls', 'Song']",0.36585365853658536
103,"What artist, known for their hit song ""Starships,"" released an album that includes this track?",Nicki Minaj,Jony Ive,Nancy Dow,Eva Braun,A,Pink Friday Roman Reloaded,True,False,"[39, 2, 2]","[Decimal('13.95'), Decimal('0.79'), Decimal('0.81')]","[5, 5, 5]","[Decimal('0.08'), Decimal('0'), Decimal('0.1')]",,"['Nicki Minaj', 'Person', 'RELEASED', '->', 'Pink Friday Roman Reloaded', 'Album', 'INCLUDES', '->', 'Starships', 'Song']",,0.21052631578947367
104,"Which pop star, who has released the album ""Queen"", shares the distinction of being ranked alongside Justin Bieber by a renowned music organization?",Nicki Minaj,Willard Carroll Smith II,Kimberly Noel Kardashian,George Martin,A,Billboard,True,True,"[31, 5, 39, 2]","[Decimal('11.49'), Decimal('1.68'), Decimal('13.95'), Decimal('0.9')]","[4, 4, 5]","[Decimal('-0.06'), Decimal('-0.06'), Decimal('0.02')]",,"['Justin Drew Bieber', 'Person', 'NAMED_POP_STAR', '<-', 'Billboard', 'Organization', 'RANKED_BY', '<-', 'Nicki Minaj', 'Person']","['Nicki Minaj', 'Person', 'RELEASED', '->', 'Queen', 'Album']",0.18604651162790697
105,"Which singer and entrepreneur was recognized by the Recording Industry Association of America, earning massive acclaim for her contributions to the music industry?",Neil Patrick Harris,Robyn Rihanna Fenty,Willard Carroll Smith II,Lionel Messi,B,,False,False,"[32, 7]","[Decimal('12.93'), Decimal('2.46')]","[5, 4, 5]","[Decimal('0'), Decimal('0.02'), Decimal('0.08')]","['Robyn Rihanna Fenty', 'Person', 'RECOGNIZED_BY', '->', 'Recording Industry Association of America', 'Organization']",,,0.21875
106,"Which Barbadian national, known for releasing the album ""Good Girl Gone Bad,"" is being referred to?",Elvis Aaron Presley,Robyn Rihanna Fenty,Chuck Norris,Doja Cat,B,,False,True,"[1, 32, 1]","[Decimal('0.49'), Decimal('12.93'), Decimal('0.49')]","[2, 5, 5]","[Decimal('-0.1'), Decimal('0.01'), Decimal('-0.06')]","['Robyn Rihanna Fenty', 'Person', 'HAS_NATIONALITY', '->', 'Barbadian', 'Nationality']",,"['Robyn Rihanna Fenty', 'Person', 'RELEASED_ALBUM', '->', 'Good Girl Gone Bad', 'Album']",0.45833333333333337
107,"Who is recognized for their contributions by the organization that certified the song ""Love The Way You Lie""?",Amy Pascal,Marshall Bruce Mathers III,Paul McCartney,Robyn Rihanna Fenty,D,Recording Industry Association of America,True,False,"[32, 7, 2]","[Decimal('12.93'), Decimal('2.46'), Decimal('0.75')]","[5, 4, 5]","[Decimal('0.01'), Decimal('0.09'), Decimal('-0.11')]",,"['Robyn Rihanna Fenty', 'Person', 'RECOGNIZED_BY', '->', 'Recording Industry Association of America', 'Organization', 'CERTIFIED_BY', '<-', 'Love The Way You Lie', 'Song']",,0.4651162790697675
108,"What artist, who released the album ""A Girl Like Me,"" is recognized by the same organization that certified Eminem’s song ""Lose Yourself""?",Scooter Braun,Miley Ray Cyrus,Scotty Moore,Robyn Rihanna Fenty,D,Recording Industry Association of America,True,True,"[3, 7, 32, 1]","[Decimal('1.15'), Decimal('2.46'), Decimal('12.93'), Decimal('0.49')]","[5, 4, 3]","[Decimal('0.03'), Decimal('0.02'), Decimal('-0.1')]",,"['Lose Yourself', 'Song', 'CERTIFIED_BY', '->', 'Recording Industry Association of America', 'Organization', 'RECOGNIZED_BY', '<-', 'Robyn Rihanna Fenty', 'Person']","['Robyn Rihanna Fenty', 'Person', 'RELEASED_ALBUM', '->', 'A Girl Like Me', 'Album']",0.30952380952380953
109,"Which actor took on the title role in the film featuring both ""Deadpool"" and ""Wolverine""?",Ryan Rodney Reynolds,Elvis,Stefani Joanne Angelina Germanotta,Sonny Liston,A,,False,False,"[26, 4]","[Decimal('10.98'), Decimal('1.72')]","[5, 5, 5]","[Decimal('-0.01'), Decimal('-0.01'), Decimal('-0.05')]","['Ryan Rodney Reynolds', 'Person', 'STARRED_IN', '->', 'Deadpool & Wolverine', 'Film']",,,0.0
110,"Which actor, known for their role in ""Deadpool & Wolverine,"" is also a board member of Match Group?",Rihanna,Milwaukee Monster,Ryan Rodney Reynolds,Dwayne Michael Carter Jr.,C,,False,True,"[4, 26, 1]","[Decimal('1.72'), Decimal('10.98'), Decimal('0.5')]","[5, 5, 4]","[Decimal('-0.06'), Decimal('0.1'), Decimal('-0.1')]","['Ryan Rodney Reynolds', 'Person', 'STARRED_IN', '->', 'Deadpool & Wolverine', 'Film']",,"['Ryan Rodney Reynolds', 'Person', 'BOARD_MEMBER_OF', '->', 'Match Group', 'Company']",0.15384615384615385
111,"Both having stars commemorating their careers, which actor shares this honor with Johnny Depp?",Cruz Bustamante,Sam Phillips,Ryan Rodney Reynolds,Lil Wayne,C,Hollywood Walk of Fame,True,False,"[26, 3, 40]","[Decimal('10.98'), Decimal('1.18'), Decimal('16.45')]","[5, 5, 5]","[Decimal('-0.12'), Decimal('-0.02'), Decimal('-0.13')]",,"['Ryan Rodney Reynolds', 'Person', 'AWARDED', '->', 'Hollywood Walk of Fame', 'Award', 'RECIPIENT', '<-', 'John Christopher Depp II', 'Person']",,0.33333333333333337
112,"Which actor, who starred in the film ""Woman In Gold,"" shares an award recognition with Jennifer Aniston?",Ryan Rodney Reynolds,Leonardo Wilhelm DiCaprio,Woody Allen,Ye,A,Hollywood Walk of Fame,True,True,"[29, 3, 26, 1]","[Decimal('11.31'), Decimal('1.18'), Decimal('10.98'), Decimal('0.5')]","[2, 3, 4]","[Decimal('0.08'), Decimal('0.14'), Decimal('-0.04')]",,"['Jennifer Joanna Aniston', 'Person', 'AWARD_RECEIVED', '->', 'Hollywood Walk of Fame', 'Award', 'AWARDED', '<-', 'Ryan Rodney Reynolds', 'Person']","['Ryan Rodney Reynolds', 'Person', 'STARRED_IN', '->', 'Woman In Gold', 'Film']",0.6363636363636364
113,"Known for her roles in films such as ""Lost in Translation"" and ""Marriage Story,"" which actress has been a prominent figure in Hollywood and has also appeared as Black Widow in the Marvel Cinematic Universe franchise?",Gareth Bale,Stefani Joanne Angelina Germanotta,Scarlett Ingrid Johansson,Colin Jost,C,,False,False,"[42, 3]","[Decimal('16.17'), Decimal('1.13')]","[5, 3, 1]","[Decimal('-0.08'), Decimal('0.05'), Decimal('1')]","['Scarlett Ingrid Johansson', 'Person', 'HAS_OCCUPATION', '->', 'Actress', 'Occupation']",,,0.14634146341463417
114,"In 2010, who received a Tony Award and has also been divorced from Ryan Reynolds?",Tupac Amaru Shakur,Gray Davis,Arnold Alois Schwarzenegger,Scarlett Ingrid Johansson,D,,False,True,"[3, 42, 2]","[Decimal('1.1'), Decimal('16.17'), Decimal('0.82')]","[4, 3, 2]","[Decimal('-0.02'), Decimal('0.04'), Decimal('0.03')]","['Scarlett Ingrid Johansson', 'Person', 'RECEIVED', '->', 'Tony Award', 'Award']",,"['Scarlett Ingrid Johansson', 'Person', 'DIVORCED_FROM', '->', 'Ryan Reynolds', 'Person']",0.2894736842105263
115,Which Hollywood actress shares her nationality with Jennifer Aniston?,Kourtney Kardashian,Phil Heath,Keanu Charles Reeves,Scarlett Ingrid Johansson,D,American,True,False,"[42, 12, 29]","[Decimal('16.17'), Decimal('4.24'), Decimal('11.31')]","[5, 3, 4]","[Decimal('0.01'), Decimal('0.04'), Decimal('0.07')]",,"['Scarlett Ingrid Johansson', 'Person', 'HAS_NATIONALITY', '->', 'American', 'Nationality', 'NATIONALITY', '<-', 'Jennifer Joanna Aniston', 'Person']",,0.55
116,"Who, nominated alongside Willard Carroll Smith II for a prestigious film award, was named in the Time 100 Most Influential list in 2021?",Scarlett Ingrid Johansson,Usher,Colonel Tom Parker,Makaveli,A,Academy Award,True,True,"[35, 8, 42, 1]","[Decimal('14.56'), Decimal('2.84'), Decimal('16.17'), Decimal('0.47')]","[5, 3, 5]","[Decimal('0.04'), Decimal('0.02'), Decimal('-0.03')]",,"['Willard Carroll Smith II', 'Person', 'RECEIVED', '->', 'Academy Award', 'Award', 'NOMINATED_FOR', '<-', 'Scarlett Ingrid Johansson', 'Person']","['Scarlett Ingrid Johansson', 'Person', 'NAMED_IN', '->', 'Time 100 Most Influential 2021', 'Achievement']",0.43243243243243246
117,"Who served as an executive producer for the documentary series ""Living Undocumented""?",Jada Pinkett Smith,6Ix9Ine,Milwaukee Cannibal,Selena Marie Gomez,D,,False,False,"[33, 1]","[Decimal('12.97'), Decimal('0.48')]","[5, 3, 5]","[Decimal('0.01'), Decimal('0.01'), Decimal('0.06')]","['Selena Marie Gomez', 'Person', 'PRODUCED', '->', 'Living Undocumented', 'Series']",,,0.5882352941176471
118,"Which celebrity, who has received an American Music Award, was awarded the Order of Arts and Letters?",Roger Taylor,Kareem Abdul-Jabbar,Selena Marie Gomez,Edward,C,,False,True,"[1, 33, 3]","[Decimal('0.48'), Decimal('12.97'), Decimal('1.09')]","[5, 5, 5]","[Decimal('0.02'), Decimal('0.01'), Decimal('-0.01')]","['Selena Marie Gomez', 'Person', 'AWARDED', '->', 'Order Of Arts And Letters', 'Title']",,"['Selena Marie Gomez', 'Person', 'RECEIVED', '->', 'American Music Award', 'Award']",0.2941176470588235
119,"Who, along with Nicki Minaj, has been honored with the same prestigious music award?",Selena Marie Gomez,Afeni Shakur,Ray J,Cruz Bustamante,A,American Music Award,True,False,"[33, 3, 39]","[Decimal('12.97'), Decimal('1.09'), Decimal('13.95')]","[5, 3, 5]","[Decimal('0.07'), Decimal('0.02'), Decimal('0.06')]",,"['Selena Marie Gomez', 'Person', 'RECEIVED', '->', 'American Music Award', 'Award', 'AWARDED', '<-', 'Nicki Minaj', 'Person']",,0.3529411764705882
120,"Who provided the voice for a character in the Hotel Transylvania film franchise and also formed the band that released the album ""A Year Without Rain""?",Selena Marie Gomez,Lee Jun-Fan,Diana Princess of Wales,Freddie Mercury,A,Selena Gomez & The Scene,True,True,"[1, 4, 33, 1]","[Decimal('0.54'), Decimal('1.85'), Decimal('12.97'), Decimal('0.48')]","[5, 5, 4]","[Decimal('0.01'), Decimal('0'), Decimal('0.02')]",,"['A Year Without Rain', 'Album', 'RELEASED', '<-', 'Selena Gomez & The Scene', 'Band', 'FORMED', '<-', 'Selena Marie Gomez', 'Person']","['Selena Marie Gomez', 'Person', 'VOICED_IN', '->', 'Hotel Transylvania', 'Film franchise']",0.19999999999999996
121,"Who is the acclaimed singer-songwriter behind the hit song ""Cardigan""?",Chris Rock,Fourteen US Presidents,Ray J,Taylor Alison Swift,D,,False,False,"[41, 1]","[Decimal('16.62'), Decimal('0.49')]","[5, 5, 5]","[Decimal('-0.1'), Decimal('-0.03'), Decimal('-0.02')]","['Taylor Alison Swift', 'Person', 'CREATED', '->', 'Cardigan', 'Song']",,,0.29268292682926833
122,"Known for creating the song ""Is It Over Now?"", which individual was the subject of the documentary film ""Miss Americana""?",Taylor Alison Swift,Kimbal Musk,Freddie Mercury,John Aniston,A,,False,True,"[1, 41, 1]","[Decimal('0.49'), Decimal('16.62'), Decimal('0.49')]","[5, 4, 5]","[Decimal('-0.05'), Decimal('0'), Decimal('0.02')]","['Taylor Alison Swift', 'Person', 'APPEARED_IN', '->', 'Miss Americana', 'Film']",,"['Taylor Alison Swift', 'Person', 'CREATED', '->', 'Is It Over Now?', 'Song']",0.24242424242424243
123,What Grammy-winning artist shares a major television award with a hip-hop mogul known for his entrepreneurial ventures?,50 Cent,Justin Bieber,Destiny Hope Cyrus,Taylor Alison Swift,D,Primetime Emmy Award,True,False,"[41, 4, 20]","[Decimal('16.62'), Decimal('1.41'), Decimal('6.95')]","[4, 4, 3]","[Decimal('-0.04'), Decimal('-0.05'), Decimal('0.07')]",,"['Taylor Alison Swift', 'Person', 'WON', '->', 'Primetime Emmy Award', 'Award', 'WON', '<-', 'Jay-Z', 'Person']",,0.64
124,"Which iconic singer-songwriter, who created the hit song ""Anti-Hero,"" also won a prestigious music award for a song titled ""Flowers""?",Ryan Reynolds,Taylor Alison Swift,Pamela Fryman,Khloé Kardashian,B,Grammy Awards,True,True,"[3, 8, 41, 1]","[Decimal('1.17'), Decimal('2.75'), Decimal('16.62'), Decimal('0.49')]","[5, 5, 5]","[Decimal('0'), Decimal('0'), Decimal('-0.02')]",,"['Flowers', 'Song', 'WON', '->', 'Grammy Awards', 'Award', 'WON', '<-', 'Taylor Alison Swift', 'Person']","['Taylor Alison Swift', 'Person', 'CREATED', '->', 'Anti-Hero', 'Song']",0.1724137931034483
125,"In the 2004 crime thriller ""Collateral,"" who played the role of the contract killer Vincent alongside Jamie Foxx’s character, Max?",John Tyler,The Rock,Marshall Bruce Mathers III,Thomas Cruise Mapother IV,D,,False,False,"[34, 1]","[Decimal('14.25'), Decimal('0.5')]","[5, 5, 5]","[Decimal('-0.01'), Decimal('-0.08'), Decimal('0.07')]","['Thomas Cruise Mapother IV', 'Person', 'ACTED_IN', '->', 'Collateral', 'Movie']",,,0.5609756097560976
126,"This actor, known for his role in ""Minority Report,"" has received a Golden Globe Award. Who is he?",Scotty Moore,Thomas Cruise Mapother IV,Anthony Russo,Donald Trump,B,,False,True,"[8, 34, 1]","[Decimal('2.85'), Decimal('14.25'), Decimal('0.5')]","[5, 5, 3]","[Decimal('0.05'), Decimal('0.04'), Decimal('0.03')]","['Thomas Cruise Mapother IV', 'Person', 'RECEIVED_AWARD', '->', 'Golden Globe Award', 'Award']",,"['Thomas Cruise Mapother IV', 'Person', 'ACTED_IN', '->', 'Minority Report', 'Movie']",0.625
127,"In addition to an acclaimed actor known for his action-packed roles, who has won an award also received by Willard Carroll Smith II?",Thomas Cruise Mapother IV,George Harrison,Willard Carroll Smith II,Paul McCartney,A,Golden Globe Award,True,False,"[34, 8, 35]","[Decimal('14.25'), Decimal('2.85'), Decimal('14.56')]","[3, 2, 3]","[Decimal('-0.04'), Decimal('0.11'), Decimal('-0.04')]",,"['Thomas Cruise Mapother IV', 'Person', 'RECEIVED_AWARD', '->', 'Golden Globe Award', 'Award', 'RECEIVED', '<-', 'Willard Carroll Smith II', 'Person']",,0.6
128,"In character as the snarky personality Deadpool, which actor, known for his portrayal of a daring military pilot, has been awarded the same prestigious film accolade for which Ryan Reynolds has been nominated?",Usher,Joe Bryant,Sharon Tate,Thomas Cruise Mapother IV,D,Golden Globe Award,True,True,"[26, 8, 34, 1]","[Decimal('10.98'), Decimal('2.85'), Decimal('14.25'), Decimal('0.5')]","[3, 5, 5]","[Decimal('-0.16'), Decimal('-0.04'), Decimal('-0.01')]",,"['Ryan Rodney Reynolds', 'Person', 'NOMINATED_FOR', '->', 'Golden Globe Award', 'Award', 'RECEIVED_AWARD', '<-', 'Thomas Cruise Mapother IV', 'Person']","['Thomas Cruise Mapother IV', 'Person', 'HAS_OCCUPATION', '->', 'American Actor', 'Occupation']",0.6956521739130435
129,Which legendary NFL quarterback holds the record for achieving 10 Super Bowl appearances?,Stefani Joanne Angelina Germanotta,Child With Jost,Pamela Fryman,Thomas Edward Patrick Brady Jr.,D,,False,False,"[45, 1]","[Decimal('19.67'), Decimal('0.52')]","[3, 3, 3]","[Decimal('0.05'), Decimal('-0.05'), Decimal('0.08')]","['Thomas Edward Patrick Brady Jr.', 'Person', 'ACHIEVED', '->', '10 Super Bowl Appearances', 'Achievement']",,,0.48571428571428577
130,Which former New England Patriots player holds the record as the NFL leader in quarterback regular season wins?,Selena Marie Gomez,Ryan Reynolds,Thomas Edward Patrick Brady Jr.,Arnold Alois Schwarzenegger,C,,False,True,"[1, 45, 1]","[Decimal('0.52'), Decimal('19.67'), Decimal('0.52')]","[4, 3, 2]","[Decimal('0.08'), Decimal('-0.1'), Decimal('0.05')]","['Thomas Edward Patrick Brady Jr.', 'Person', 'HOLDS', '->', 'NFL Leader in Quarterback Regular Season Wins', 'Record']",,"['Thomas Edward Patrick Brady Jr.', 'Person', 'PLAYED_FOR', '->', 'New England Patriots', 'Organization']",0.4117647058823529
131,"Sharing a nationality with Jennifer Aniston, who is this renowned athlete and celebrated quarterback credited with achieving unprecedented success in American football?",Thomas Edward Patrick Brady Jr.,Joe Russo,Taylor Alison Swift,Doja Cat,A,American,True,False,"[45, 12, 29]","[Decimal('19.67'), Decimal('4.24'), Decimal('11.31')]","[5, 4, 5]","[Decimal('-0.09'), Decimal('-0.02'), Decimal('-0.04')]",,"['Thomas Edward Patrick Brady Jr.', 'Person', 'HAS_NATIONALITY', '->', 'American', 'Nationality', 'NATIONALITY', '<-', 'Jennifer Joanna Aniston', 'Person']",,0.3783783783783784
132,An acclaimed American sitcom shares its nationality with the individual often hailed as the Greatest Quarterback Of All Time. Who is this person?,Chris Rock,Thomas Edward Patrick Brady Jr.,Kim Kardashian,Ringo Starr,B,American,True,True,"[12, 12, 45, 1]","[Decimal('5.01'), Decimal('4.24'), Decimal('19.67'), Decimal('0.52')]","[5, 3, 5]","[Decimal('0.01'), Decimal('0.01'), Decimal('-0.12')]",,"['How I Met Your Mother', 'Television show', 'NATIONALITY', '->', 'American', 'Nationality', 'HAS_NATIONALITY', '<-', 'Thomas Edward Patrick Brady Jr.', 'Person']","['Thomas Edward Patrick Brady Jr.', 'Person', 'REGARDED_AS', '->', 'Greatest Quarterback Of All Time', 'Title']",0.4444444444444444
133,"In the crime film ""Gang Related"", which influential musician and actor took on one of the leading roles alongside James Belushi?",Jeffrey Lionel Dahmer,Miley Ray Cyrus,Kourtney Kardashian,Tupac Amaru Shakur,D,,False,False,"[34, 1]","[Decimal('14.43'), Decimal('0.51')]","[4, 4, 5]","[Decimal('0.09'), Decimal('-0.08'), Decimal('-0.06')]","['Tupac Amaru Shakur', 'Person', 'STARRED_IN', '->', 'Gang Related', 'Film']",,,0.4516129032258065
134,"Which influential rapper, who collaborated with Snoop Dogg, released the posthumous album ""Greatest Hits""?",Tupac Amaru Shakur,John Lennon,Lionel Andrés Messi,Taylor Alison Swift,A,,False,True,"[1, 34, 1]","[Decimal('0.51'), Decimal('14.43'), Decimal('0.51')]","[5, 4, 4]","[Decimal('-0.08'), Decimal('0.04'), Decimal('-0.15')]","['Tupac Amaru Shakur', 'Person', 'POSTHUMOUS_ALBUM', '->', 'Greatest Hits', 'Album']",,"['Tupac Amaru Shakur', 'Person', 'COLLABORATED_WITH', '->', 'Snoop Dogg', 'Person']",0.1724137931034483
135,"Known for both his musical influence and acting roles, which iconic figure shares the same profession as the star of the ""Terminator"" film series?",Scarlett Ingrid Johansson,Dr. Dre,Justin Drew Bieber,Tupac Amaru Shakur,D,Actor,True,False,"[34, 4, 32]","[Decimal('14.43'), Decimal('1.54'), Decimal('13.38')]","[4, 1, 4]","[Decimal('-0.02'), Decimal('0.78'), Decimal('-0.09')]",,"['Tupac Amaru Shakur', 'Person', 'OCCUPATION', '->', 'Actor', 'Occupation', 'HAS_OCCUPATION', '<-', 'Arnold Alois Schwarzenegger', 'Person']",,0.7435897435897436
136,"What individual, who shared an occupation with Arnold Schwarzenegger, tragically met their end in Las Vegas?",Tupac Amaru Shakur,Bill Black,Khloé Kardashian,Arnold Alois Schwarzenegger,A,Actor,True,True,"[32, 4, 34, 1]","[Decimal('13.38'), Decimal('1.54'), Decimal('14.43'), Decimal('0.51')]","[3, 5, 2]","[Decimal('-0.02'), Decimal('-0.06'), Decimal('-0.05')]",,"['Arnold Alois Schwarzenegger', 'Person', 'HAS_OCCUPATION', '->', 'Actor', 'Occupation', 'OCCUPATION', '<-', 'Tupac Amaru Shakur', 'Person']","['Tupac Amaru Shakur', 'Person', 'DEATH_PLACE', '->', 'Las Vegas', 'Location']",0.5510204081632653
137,The only country where English is the official language and its capital is London is what?,Romania,United Kingdom,Syria,Ukraine,B,,False,False,"[28, 3]","[Decimal('9.18'), Decimal('1.04')]","[3, 5, 3]","[Decimal('-0.06'), Decimal('-0.02'), Decimal('0.08')]","['United Kingdom', 'Country', 'OFFICIAL_LANGUAGE', '->', 'English', 'Language']",,,0.0
138,"In what country, which includes Northern Ireland as part of its territory, did Winston Churchill serve as Prime Minister?",Ceylon,United Kingdom,Jordan,State Of Israel,B,,False,True,"[16, 28, 3]","[Decimal('6.24'), Decimal('9.18'), Decimal('1.16')]","[2, 5, 5]","[Decimal('0.2'), Decimal('-0.02'), Decimal('-0.02')]","['United Kingdom', 'Country', 'PRIME_MINISTER', '<-', 'Winston Churchill', 'Person']",,"['United Kingdom', 'Country', 'INCLUDES', '->', 'Northern Ireland', 'Place']",0.09677419354838712
139,Which country declared war on a nation that was subjected to the Treaty of Versailles?,United Kingdom,East Germany,Syria,Singapore,A,Germany,True,False,"[28, 53, 3]","[Decimal('9.18'), Decimal('18.29'), Decimal('1.15')]","[2, 5, 2]","[Decimal('0.25'), Decimal('-0.02'), Decimal('0.17')]",,"['United Kingdom', 'Country', 'DECLARED_WAR', '->', 'Germany', 'Country', 'IMPOSED_ON', '<-', 'Treaty of Versailles', 'Agreement']",,0.6578947368421053
140,"Which former colonial power, whose member countries include those in the G7, is connected to the Atlantic Ocean through a country that gained independence from it?",Bulgaria,Greece,Rome,United Kingdom,D,Canada,True,True,"[1, 25, 28, 3]","[Decimal('0.46'), Decimal('9.11'), Decimal('9.18'), Decimal('1.05')]","[3, 3, 2]","[Decimal('-0.06'), Decimal('0.03'), Decimal('0.3')]",,"['Atlantic Ocean', 'Ocean', 'BORDER', '<-', 'Canada', 'Country', 'INDEPENDENCE_FROM', '->', 'United Kingdom', 'Country']","['United Kingdom', 'Country', 'MEMBER_OF', '->', 'G7', 'Organization']",0.32608695652173914
141,"Who played the leading role in the 2008 film ""Seven Pounds""?",Kareem Abdul-Jabbar,Kim Kardashian,Karim Benzema,Willard Carroll Smith II,D,,False,False,"[35, 1]","[Decimal('14.56'), Decimal('0.5')]","[5, 5, 5]","[Decimal('0.02'), Decimal('0.06'), Decimal('-0.08')]","['Willard Carroll Smith II', 'Person', 'STARRED_IN', '->', 'Seven Pounds', 'Film']",,,0.28260869565217395
142,"Which actor, known for receiving a BAFTA Award, starred in the film ""Men In Black""?",Willard Carroll Smith II,Neil Patrick Harris,Rob Greenberg,Anne,A,,False,True,"[1, 35, 1]","[Decimal('0.5'), Decimal('14.56'), Decimal('0.5')]","[5, 5, 5]","[Decimal('0.04'), Decimal('0.04'), Decimal('0.02')]","['Willard Carroll Smith II', 'Person', 'STARRED_IN', '->', 'Men In Black', 'Film']",,"['Willard Carroll Smith II', 'Person', 'RECEIVED', '->', 'BAFTA Award', 'Award']",0.368421052631579
143,Who holds an award in common with John Christopher Depp II?,Billy Ray Cyrus,Michael Shea,John Lennon,Willard Carroll Smith II,D,Golden Globe Award,True,False,"[35, 8, 40]","[Decimal('14.56'), Decimal('2.85'), Decimal('16.45')]","[5, 5, 3]","[Decimal('-0.02'), Decimal('0.04'), Decimal('0.02')]",,"['Willard Carroll Smith II', 'Person', 'RECEIVED', '->', 'Golden Globe Award', 'Award', 'RECIPIENT', '<-', 'John Christopher Depp II', 'Person']",,0.5128205128205128
144,"Which of these actors, known for starring in the film ""I, Robot,"" has also received a nomination for the same prestigious award for which Johnny Depp was nominated?",Jaz-O,Willard Carroll Smith II,George Foreman,Lionel Andrés Messi,B,Academy Award,True,True,"[40, 8, 35, 1]","[Decimal('16.45'), Decimal('2.84'), Decimal('14.56'), Decimal('0.5')]","[5, 5, 4]","[Decimal('0.04'), Decimal('0.05'), Decimal('0.08')]",,"['John Christopher Depp II', 'Person', 'NOMINATED', '->', 'Academy Award', 'Award', 'RECEIVED', '<-', 'Willard Carroll Smith II', 'Person']","['Willard Carroll Smith II', 'Person', 'STARRED_IN', '->', 'I Robot', 'Film']",0.5714285714285714
145,Which of these individuals is known for their work as a film producer?,Sonny Liston,6Ix9Ine,Ye,William Bradley Pitt,D,,False,False,"[34, 1]","[Decimal('12.91'), Decimal('0.47')]","[5, 5, 3]","[Decimal('-0.02'), Decimal('-0.02'), Decimal('-0.04')]","['William Bradley Pitt', 'Person', 'IS_A', '->', 'Film Producer', 'Profession']",,,0.5365853658536586
146,"Which actor starred in both the action-comedy film ""Mr. & Mrs. Smith"" and the classic film ""Thelma & Louise""?",6Ix9Ine,Kourtney Kardashian,Arnold Alois Schwarzenegger,William Bradley Pitt,D,,False,True,"[2, 34, 1]","[Decimal('0.8'), Decimal('12.91'), Decimal('0.47')]","[5, 5, 4]","[Decimal('-0.02'), Decimal('0.01'), Decimal('-0.07')]","['William Bradley Pitt', 'Person', 'ACTED_IN', '->', 'Mr. & Mrs. Smith', 'Film']",,"['William Bradley Pitt', 'Person', 'ACTED_IN', '->', 'Thelma & Louise', 'Film']",0.1578947368421053
147,"Which person, who shares an award nomination history with John Christopher Depp II, is a recipient of this prestigious accolade?",William Bradley Pitt,Romain Dauriac,Lauren Shuler Donner,Tupac Amaru Shakur,A,Academy Award,True,False,"[34, 8, 40]","[Decimal('12.91'), Decimal('2.84'), Decimal('16.45')]","[3, 5, 4]","[Decimal('0.06'), Decimal('0.07'), Decimal('-0.06')]",,"['William Bradley Pitt', 'Person', 'RECIPIENT_OF', '->', 'Academy Award', 'Award', 'NOMINATED', '<-', 'John Christopher Depp II', 'Person']",,0.22580645161290325
148,"Which actor, who starred in the film ""Bullet Train,"" received the same prestigious British award as Leonardo DiCaprio?",Donald Trump,William Bradley Pitt,Birdman,Paris Hilton,B,British Academy Film Award,True,True,"[10, 4, 34, 1]","[Decimal('3.89'), Decimal('1.46'), Decimal('12.91'), Decimal('0.47')]","[5, 5, 5]","[Decimal('-0.06'), Decimal('0.02'), Decimal('0.01')]",,"['Leonardo Wilhelm DiCaprio', 'Person', 'RECIPIENT', '->', 'British Academy Film Award', 'Award', 'RECIPIENT_OF', '<-', 'William Bradley Pitt', 'Person']","['William Bradley Pitt', 'Person', 'ACTED_IN', '->', 'Bullet Train', 'Film']",0.16666666666666663
149,Which early 20th-century global conflict is considered a significant precursor to the events leading to the outbreak of World War II?,World War I,China–Vietnam Border Conflicts,Paris Peace Conference,Jewish Immigration,A,,False,False,"[26, 17]","[Decimal('9.32'), Decimal('5.4')]","[5, 3, 3]","[Decimal('-0.1'), Decimal('0.14'), Decimal('0.14')]","['World War I', 'Event', 'CONTRIBUTED_TO', '->', 'World War II', 'Event']",,,0.6
150,The outbreak of which event is considered to have been caused by Germany and took place in Europe?,China–Vietnam Border Conflicts,World War I,Golden Jubilee,Global Recession,B,,False,True,"[53, 26, 2]","[Decimal('18.29'), Decimal('9.32'), Decimal('0.79')]","[5, 4, 5]","[Decimal('-0.1'), Decimal('0.12'), Decimal('0.05')]","['World War I', 'Event', 'CAUSE', '<-', 'Germany', 'Country']",,"['World War I', 'Event', 'LOCATION', '->', 'Europe', 'Location']",0.3125
151,"Before leading a major invasion against a vast Eastern nation, which event saw the participation of a future dictator who would later become infamous during World War II?",World War I,Watergate Scandal,Belle Époque,Thirty Years’ War,A,Adolf Hitler,True,False,"[26, 24, 1]","[Decimal('9.32'), Decimal('8.85'), Decimal('0.46')]","[5, 2, 2]","[Decimal('-0.03'), Decimal('0.39'), Decimal('0.39')]",,"['World War I', 'Event', 'PARTICIPATED_IN', '<-', 'Adolf Hitler', 'Person', 'INVADED', '->', 'Soviet Union', 'Place']",,0.4285714285714286
152,"In 1914, the United Kingdom declared war on a neighboring country, leading to a significant global conflict characterized by the first use of tanks. What is the name of this event?",Sino-Soviet Split,Indochina Wars,Reactor Core Fire,World War I,D,Germany,True,True,"[28, 53, 26, 1]","[Decimal('9.18'), Decimal('18.29'), Decimal('9.32'), Decimal('0.45')]","[5, 4, 3]","[Decimal('0.1'), Decimal('-0.04'), Decimal('0.08')]",,"['United Kingdom', 'Country', 'DECLARED_WAR', '->', 'Germany', 'Country', 'CAUSE', '->', 'World War I', 'Event']","['World War I', 'Event', 'CHARACTERISTIC', '->', 'Tanks', 'Concept']",0.18918918918918914
153,By what name is the artist born as Kanye Omari West now professionally known?,Ye,Tim Burton,Kareem Abdul-Jabbar,Colonel Tom Parker,A,,False,False,"[46, 1]","[Decimal('18.52'), Decimal('0.49')]","[5, 4, 3]","[Decimal('-0.07'), Decimal('-0.08'), Decimal('-0.01')]","['Ye', 'Person', 'ALIAS', '->', 'Kanye Omari West', 'Person']",,,0.23913043478260865
154,"Which individual, known for creating the album ""808s & Heartbreak,"" has been featured in the publication Rolling Stone?",Scarlett Ingrid Johansson,Tony Bennett,Lionel Messi,Ye,D,,False,True,"[2, 46, 1]","[Decimal('0.83'), Decimal('18.52'), Decimal('0.49')]","[2, 4, 4]","[Decimal('-0.03'), Decimal('0'), Decimal('-0.05')]","['Ye', 'Person', 'FEATURED_IN', '->', 'Rolling Stone', 'Publication']",,"['Ye', 'Person', 'CREATED', '->', '808s & Heartbreak', 'Album']",0.5454545454545454
155,"Which renowned musician, like Elvis Aaron Presley, has been celebrated for their achievements by winning one of the music industry’s most prestigious awards?",Sam Phillips,Kid Cudi,Ye,Bill Black,C,Grammy Awards,True,False,"[46, 8, 25]","[Decimal('18.52'), Decimal('2.75'), Decimal('9.63')]","[3, 1, 3]","[Decimal('0'), Decimal('1'), Decimal('-0.01')]",,"['Ye', 'Person', 'WON', '->', 'Grammy Awards', 'Award', 'WON', '<-', 'Elvis Aaron Presley', 'Person']",,0.5517241379310345
156,"Which person, who is married to Kim Kardashian, collaborated with the artist named by Billboard as the greatest rapper?",Lil Wayne,2Pac,Ye,Charles Milles Manson,C,Jay-Z,True,True,"[5, 20, 46, 1]","[Decimal('1.68'), Decimal('6.95'), Decimal('18.52'), Decimal('0.49')]","[3, 5, 5]","[Decimal('0.05'), Decimal('-0.08'), Decimal('-0.04')]",,"['Billboard', 'Organization', 'GREATEST_RAPPER', '<-', 'Jay-Z', 'Person', 'COLLABORATED_WITH', '<-', 'Ye', 'Person']","['Ye', 'Person', 'MARRIED_TO', '->', 'Kim Kardashian', 'Person']",0.11764705882352944
